tweet_id,customer_message,response_text,brand
133506,When I placed the order my account went on hold .,You should've received an email from the specialist team with information about your account. Please respond to the mail.,AmazonHelp
143300,"Now expected Nov 8 - Nov 10 We’re sorry your package is late. If it hasn’t arrived by Saturday, Nov 11, please come back for more options.",I am so sorry about the delay! Please allow the time provided for the package to be deliver.,AmazonHelp
153040,Oui le 22. Mais je vois sur le suivi que le colis n'est tjrs pas chez le transporteur.,"Je vous prie de patienter. Si toutefois, à cette date, vous n'avez toujours pas reçu votre colis, veuillez le signaler à notre SAV afin qu'ils puissent vous proposer une solution.",AmazonHelp
142983,Das werde ich veranlassen. Das ist auch erst seit kurzem so.,Die Kollegen können die Beschwerde entsprechend weitergeben - vielen Dank! Gruß,AmazonHelp
128027,Pone que es vendido por Amazon,"Gracias por la información, y ¿el pedido ya fue realizado? -Kevin S.",AmazonHelp
146839,I am sorry but I would like to receive a phone call & have this matter resolved asap! I have phoned 5 times now & every time I get nothing. I am £90 down on an error on your part. This has been going on for almost 3 weeks now & it’s time for you to actually do something.,We will be happy to help! Please provide your details here: https://t.co/ttvk5T2h2l,AmazonHelp
150293,"In the future, if a customer calls with concerns about fraudulent charges, they should be transferred to somebody with knowledge about fraud. I was transferred to somebody in technical support who advised me poorly, said that digital goods can't be reversed through Amazon.",Sorry to hear this. Have you made them aware these transactions were not authorized by you. Has an account specialist been in contact with you via email concerning this mishap ?,AmazonHelp
151251,"Ciao, Ho amazon prime account ma in prime video vedo solo tv serie e non movies",Da quale dispositivo stai accedendo? Non vedi proprio la sezione film oppure quando cerchi di avviare un film non parte?,AmazonHelp
131333,Is this a joke? You sent me to the same exact page.,"Try this. Step 1, choose ""Prime or Something else"" (nothing below it). Then step 2 select More non-order questions > Other.",AmazonHelp
102761,"I just get this in that link, no mention of trial [URL]","Here's the link, Asa. Please keep in mind that it is for new subscribers only: https://t.co/MHN9Bi48c3 Please let us know if we can further assist.",AmazonHelp
147463,I have send the details and I vl send u the screen shot of that message.. [URL],Apologies for the trouble. Request for one last time to share the details here: https://t.co/GIJyeYqKE0 and we will get back soon with an update.,AmazonHelp
124477,Wird mir nix anderes übrig bleiben…,"Du könntest noch bei einem Nachbarn fragen, oder morgen lange genug ausschlafen, dass du keinen Kaffee brauchst ;)",AmazonHelp
149208,A ma connaissance votre service client ce sont les gens charmants qui rigolent au téléphone et raccrochent au nez donc je ne sais pas si on peut parler de prise en charge,"Afin que je puisse vérifier votre dossier, veuillez remplir ce formulaire depuis un PC : https://t.co/HtUowg2UGX",AmazonHelp
134564,Es que no suelo ver TV... 😬😅,Eso es bueno. ¿Qué libro estás leyendo en estos momentos? A nosotros nos encantan los de Stephen King. ¡Es el mejor! 😍🤡🎈,AmazonHelp
117239,No reason given.,"Apologies, is there more info available in the tracking: https://t.co/Y5jpI9gRhE? Is the order fulfilled by Amazon or a 3rd Party Seller?",AmazonHelp
144203,"What do you mean anymore ? So three times is ok but four isn’t, I tweeted last time too","As mentioned, there could be a few different reasons why it was returned to sender. Items being damaged in transit is very rare. I'm sorry for any issues. Please keep us informed about your next delivery.",AmazonHelp
129871,This has still not been resolved and another week has passed. This is not good enough. Should I send amazon the bill for the money lose?,"Hi Damian- We have your info and we are investigating, if you would like an update please reply to the email you received.",AmazonHelp
157629,Check dm/inbox,We have to responded to your query in DM. Please check and do the needful.,AmazonHelp
138938,"Absolutely. Very rude and unhelpful CSRs in chat and on the phone. Very indignant, no empathy, no nothing! probably would flip.",You can leave feedback in the survey sent to you after you contacted us. Leadership will be able to review your experience.,AmazonHelp
101072,I'm not sure where it is. I'm still waiting for it so i can return it because I don't need it anymore,What does the tracking info state? You can find that here: https://t.co/Y5jpI9gRhE,AmazonHelp
151435,Thanks! Got the package at 1.30 :D,"That's great, Daniel! Thanks for updating us! Have a great weekend!",AmazonHelp
144206,"I have but checked and only other reason than address is damaged which if the case three times is a worry, I would suggest Amazon make it clear on tracker why it is sent back this will help the customer and save time",This is not the kind of experience you should expect from Amazon. Any further issues with deliveries please let us know,AmazonHelp
117567,I’m lucky to have any items!! The box was completely open and unsecure! Is this what my prime membership pays for??,I'm sorry for the trouble! Can you please confirm who the carrier was for your delivery?,AmazonHelp
157180,Yes I do have prime account already neither I renewed it nor added any new services to this. Despite of that my card was charged without my consent,"Please reach out to us here: https://t.co/JzP7hlA23B via phone or chat so we can look into this with you. We don't have access to accounts here, but would like to help!",AmazonHelp
107982,Pero que lo ha dejado ahí en el suelo sin haber firmado nadie la recepción. Lo ha dejado ahí el operario. Es de traca,Comprendo tu molestia y me apena lo sucedido. Por favor reporta la situación aquí: https://t.co/OjvUxwnzPe.,AmazonHelp
156787,Amz us is carrier [URL],"Thanks for that information, Andrew! I'd like for a member of my team to look into this personally. When you have a chance, please leave your details here: https://t.co/5BCPE9LPPA",AmazonHelp
134726,It wasn’t delivered yesterday either. I want a refund,Sorry to know about the delay with the order. Please share your details here: https://t.co/GIJyeYqKE0 and I'll check this.,AmazonHelp
152903,"No, just the two products totally 84.98.",You may be seeing an authorization charge from your bank as we only charge for any item when it's preparing for dispatch. Can I ask for you to reach out to your bank regarding this and I have also left some info on this for you below:https://t.co/uxw4SWTiwx.,AmazonHelp
126977,"Et voilà, on a commandé l'amiibo ! Et on s'est fait un petit plaisir en commandant les deux autres de la collection 😎, on a hâte !",Oh 🤗 Très ravie .La livraison est prévue pour quand ?,AmazonHelp
120518,and still I am waiting for something to happen. This is Pathetic from you guys.,You must have received a correspondence from our team. Kindly check the same here: https://t.co/ubzNHWZvL2,AmazonHelp
124572,I have replied through that but got tha e same old copy paste reply of waiting for 48 hours. It's been more than 4 days since then,"Gaurav, if you've responded, our team will get back to you shortly. Your patience is appreciated.",AmazonHelp
125292,I can't use that form. The order has been cancelled and doesn't appear as a selection in the 'Contact Us' form.,You'll still be able to use the form if you choose the most relevant options.,AmazonHelp
151836,"I did receive it but the point is, they should knock on the door if they are standing in front of it and they should care a lot more about their customers. You and me !",I'm so sorry you had this experiance. Let's talk about this in real time. Please call or chat with us here: https://t.co/YKEy4arm1r,AmazonHelp
157802,Que lo sentían mucho. Metieron las quejas y en la segunda queja un descuento de 7 euros y jurarme y perjurarme que este nuevo pedido vendría ipsofacto,"Comprendo Mario y gracias por el dato, en este caso, si no lo recibes hoy, lo mejor sería consultar nuevamente con Servicio al Cliente ya que nosotros no tenemos acceso a tu cuenta. Si gustas, puedes usar este enlace: https://t.co/OjvUxwnzPe",AmazonHelp
155379,It was fulfilled by Amazon.the 7th person she has spoken with has now agreed a refund and agreed it can’t be returned however it was very hard to understand her. Really dissapointing service. Both prime customers.second mess up in two weeks for us,"I'm glad a solution was finally reached, but incredibly sorry it took so much time and effort for her. Please do respond to the surveys sent so their assistance can be evaluated for improvement.",AmazonHelp
113297,Yes I checked that but I want someone to call me. I don't want to play this mail mail thing. What about my other products?,"We have already received your details, we will get back to you soon.",AmazonHelp
103120,so how can i know that you announced the result,"An email will be sent to all the winners of the contest by our marketing team, once they are announced.",AmazonHelp
144720,Non potete GARANTIRE una consegna in 24 ore e poi trasformarala in 4 gg lavorativi. Siete scorretti. E non è la prima volta!,L'articolo era venduto e spedito da Amazon?,AmazonHelp
116264,Hi Please update on the service ststus,"Could you confirm if you've filled in your details using the link provided earlier? If yes, you must've received a response here: https://t.co/8DAc10S7ww, kindly check. You may reply to the same for further assistance. Appreciate your patience.",AmazonHelp
132749,I would like an email address for escalation,"I'd like to personally help you. Kindly fill in your details here: https://t.co/GIJyeYqKE0, and I'll look into it.",AmazonHelp
101580,Tranquilos. De momento no hay señal de alarma. El retraso era dentro de lo aceptable.,"Lo entendemos Don Ricardo, mantennos al tanto de la entrega de tu pedido. ¡Saludos!",AmazonHelp
156126,"No, I wasn’t given a new delivery date or refund or replacement copy. My track my package section, shows this [URL]",Strange. Please reach out to us here: https://t.co/JzP7hlA23B and we can look into this further.,AmazonHelp
154050,"Original number called (the one full of ads) was 1-800-280-4331. At the end of the call it says to call 1-800-712-6600 for CS. Asks for last name and city/state, then mis-attributes identity to someone else with no way to correct it.","Thanks for the additional information. We are here to help! Without account details, could you tell us a little more about your issue?",AmazonHelp
137868,"It's been 8 days, I'm helpless now. I complained for refund, but they nevr contact me nor curriers service came for pick-up. Need help!!",I'm sorry the pick-up hasn't been completed. We'd like to look into it. Kindly share your details 1/2,AmazonHelp
135697,"I told you before and saying again that there is no message, i been a couple a month since my payment is not done",We did receive your details. Please log in here: https://t.co/oBfu1KrsfN & check for the email.,AmazonHelp
137155,Tutto fatto! Siete sempre grandi in queste cose!,"Grazie per il feedback, sono felice che abbia risolto!",AmazonHelp
130218,I got the same solution as previously received and nothing has changed. Error code 1055-MATE. What else you got?,Is your prime video subscription from Amazon India or https://t.co/nUUp5MLhYl?,AmazonHelp
130895,"same thing I'm telling u. Whenevr I bought, u sent me defective products. #NoToAmazon #consumerprotection plz help [URL]",The resolution provided in the email is the best we could offer. Appreciate your understanding.,AmazonHelp
129830,Originally February 8th next year then March 31st someone I know has November 10th they ordered after me too,Was there any email or notification about the change of date? Make sure to check your spam/junk folder.,AmazonHelp
121149,U need invoice ... Where u mentioned 0% on #Kajal but it shud be 18% in actual .... Nd u r doing fraud #Cloudtail,I'll surely pass on your comments to our relevant team internally and they'll take the appropriate action.,AmazonHelp
107567,No I haven't,"When you've spoken with us, have we offered to pass your details along to an Account Specialist for you?",AmazonHelp
132979,"No reason or new date, shipped yesterday but now says expected later than expected. Also last tracking update is from 4:02 pm 10/27..its 2pm",We'd like to make sure the delay is thoroughly investigated! Please reach us via phone/chat here: https://t.co/hApLpMlfHN,AmazonHelp
150450,"Already did this, now please help me with my refund instead of fake hopes or irrelevant replies.","As you've shared your details in the link, we'll check and we'll be sure to revert at the earliest.",AmazonHelp
157820,Would only let me send an email? Tracking is Q27026599263,"To contact us, please select your order, and then select ""Where's my stuff?"" from the drop-down menu to see our phone, e-mail, and chat options. Please let us know if you still don't see a phone option.",AmazonHelp
115247,"Yes, it's been missed. If it's not there when I get home today, I'll let you know.",Ok! Thanks for keeping us in the loop!,AmazonHelp
138777,"Oct. 17-20. I paid expedited shipping which Amazon has already refunded, just got off phone w/ Canada Post they have no idea where item is","Thanks for the info, Chris! What did we advise when you spoke with us last? Were any options provided? Keep us posted!",AmazonHelp
122156,The same last time you told thats why i placed my order again,"I know this has been a disappointing experience for you, I've forwarded this to the concerned team.",AmazonHelp
157258,"Just that it's been delayed and will hopefully arrive by the 5th, just concerned because it said it was out for delivery but then nothing","If the order is not delivered by the new date given, please let us know!",AmazonHelp
138470,That's why I tweeted you guys. This just happened about 15 minutes ago.,"At your nearest convenience, please reach out by phone, e-mail, or chat using the link provided above. We want to help!",AmazonHelp
155454,My packages finally arrived. Thank you!!!! 🎉,Fantastic! Thank you for letting us know!,AmazonHelp
119145,It’s just a feedback form and I have given ZERO stars in that,Request you to write back to the email you've received from our team and we will get back to you with the latest update.,AmazonHelp
151221,Thank. The issue was resolved extremely fast. Awesome customer service!,Glad to hear it Henry! Hope you have a great weekend!,AmazonHelp
110636,Already looked and nothing. Your policy allows for fraudulent delivery messages? How is that even acceptable?,"Who was the carrier listed for this order, here: https://t.co/Y5jpI9gRhE ? Please let us know!",AmazonHelp
128765,"yeah, have been using since last 2 months. Waiting for the Indian version to launch.",I'm sure the one coming in would be as thrilling as the one you are using. Wish you loads of fun with the new gadget.,AmazonHelp
137014,ah yeah went through the process further and one of my items wasn't available for tomorrow! Thank you :),Sure thing! 😊,AmazonHelp
110424,But really u r not interested in looking in the matter for bit fast delivery. It's ordered on 24th September 😐,Orders are marked for delivery as per the estimated date. We wouldn't be able to expedite the same.,AmazonHelp
115851,"I consistently have, please see above. All I get is genetic robotic responses. I want someone to actually apologise for the ineptitude of service I am constantly getting as a prime customer","I'm sorry you have not received the level of service we aspire to give our customers. Please, let us know if there's a current issue we can assist with.",AmazonHelp
123841,All day green line has been just above the arrival dot. Now its gone back up!!!!! [URL],"Oh no! Very sorry to hear that, Suzanne! Have we sent an email containing any information or explanation for the delay?",AmazonHelp
110197,"I have done tht tooo looong back but m not getting any response, you guys has disappointed me badly. Can you check the complete issue pls??",I'm afraid we can't access your account details from Twitter. Our team can access your details via the email you've sent.,AmazonHelp
154345,call me 8373969693,"Also, please don't provide your account details, we consider it to be personal info. Our page is visible to the public.",AmazonHelp
100224,The moment I tweeted you guyz i got a call from ur agent stating that he will pickup the product tomorrow really bad service #complain,Sorry for the delay. I'll be sure to pass on your feedback. Kindly wait until the mentioned time frame. Do keep us posted.,AmazonHelp
136099,"Pues de dentro uno así algo aplastado y otra de las cosas de dentro, así [URL]","Entiendo, Ato. Lamento lo sucedido. Puedes verificar las opciones disponibles aquí: https://t.co/q4bM5Hat4C.",AmazonHelp
124725,A Samsung TV. The whole app crashes. Screen black. No message,That is strange. Please review the following resource to see if this troubleshooting step helps: https://t.co/UsJf7vemUu. Keep us posted!,AmazonHelp
144878,dont tell me you dont have the technology to copy my order id from twitter and check on your platform. If you wish to help me kindly provide a resolution. If you dont care please dont bother replying here too.,"I get you being upset, Abhinav. However, as mentioned earlier, we wouldn't be able to access to your account directly from here as twitter being a social media platform. Please connect to our support team for further assistance. Appreciate your understanding.",AmazonHelp
143329,I have cancelled my order! Thank you for spoiling a birthday surprise!,Certainly not the kind of experience we'd want you to have. I'll be sure to pass this incident as feedback to our team internally.,AmazonHelp
147268,I understand. But u need movies very fast. You gonna loose me otherwise,We've forwarded your feedback internally. Our team will work on it.,AmazonHelp
111024,I got an update that's it's out for delivery at around 12 in the noon but I haven't recd delivery agent's coordinates. Pls share.,We apologize for any delay. We've received your details. Our team is working on it and will revert to you on priority.,AmazonHelp
139784,Only on LTE,"That's interesting, have you tried some of these trouble shooting steps? https://t.co/cYnMv8A0sa Let us know if this helps!",AmazonHelp
137301,The Continue icon is still blurred even after details are entered.It sometimes says that there is an error with Rupay debit cards.,Please report this to our support team here: https://t.co/rS49hgaADF so that we can assist you accordingly.,AmazonHelp
116245,I’ve ordered items within the past 2 weeks with my Amazon Prime and they’ve both been late.,"I'm sorry for the wait. Just to confirm, did we miss the delivery dates listed in your order confirmation e-mails? Have you received your items?",AmazonHelp
106340,"Any idea what earliest means 2 hrs 10 hrs 24 hrs or 1 year , its 9 damn days without a single update , can you please giv a resolution date",As you've reverted to the email we'll work on it and get back to you as soon as possible.,AmazonHelp
119020,This isn't really acceptable when I pay for express delivery by 1pm why was it not left a the safe place or with a neighbour?,"I'm so sorry that your parcel was not left according to your preferences, Daz. Do you have a Safe Place set up on your account? Here are the instructions if you do not: https://t.co/ggIIoKy7bC",AmazonHelp
143176,I have been calling the customer care and they have been giving me vague answers! Anyway will be shortly filling it.,Apologies for the ordeal. Please share your details here: https://t.co/GIJyeYqKE0 and I'll get back to you.,AmazonHelp
110746,What the heck we are doing here .. why there's multiple communication when it can be solved here itself cut the crap find a solution,"We realise you're upset. However, as twitter is a social platform, we will not be able to provide order details here.",AmazonHelp
137456,Colis Privé affirme être passé à 17h24 or comme je l'ai dit à votre collègue au téléphone j'étais présent côté rue toute la journée !,Je suis désolée d'apprendre cela. Une solution vous a-t-elle été proposée par notre SAV?,AmazonHelp
137897,I've already replied.! Bt didn't received a single phn call. Did you really cares about your customers..??,"Sorry for the trouble with the resolution provided. If you've responded to the email, we'll get in touch with an update.",AmazonHelp
154723,"Je ne sais pas, est-ce marqué sur le colis ? Il s'est juste présenté comme livreur d'Amazon",Le nom du transporteur est indiqué sur l'e-mail de confirmation d'expédition de votre commande. Pourriez-vous vérifier l'information s'il vous plaît?,AmazonHelp
116140,It says Delivery by Amazon Shipping,"Thanks for the info, Anne-Marie! Please reach out to us here, so we can request to reschedule this delivery: https://t.co/JzP7hlA23B",AmazonHelp
105627,Wat apologies?? Ur seriously mood spoiler. Im happy to uninstall Ur app. N I Tel al ma frenz as well to uninstall it.,"I understand you're disappointed, Mihir. We'd like to help you. Please share your details through the link that was provided earlier for further assistance. Appreciate your understanding.",AmazonHelp
135049,I've re-ordered the product. Promised delivery date is today. I am pretty sure the same lame excuse will be used for non-delivery,We're truly sorry for the trouble with your previous order. Request you to wait for new order to be delivered today.,AmazonHelp
118238,I've been trying to call since the last hour.... it just never connects.. the last time I called I was put on hold nearly 5-6 times.!,so that we can get in touch with you.,AmazonHelp
145519,Why would you need to wait 3-7 business days? I've already been dealing with your incompetent customer service staff for 3-4 days so I'd suggest this time was more than sufficient to get your act together...,Hi Marta. Apologies for the poor experience. Can you please forward your details here - https://t.co/tkLCr7DNil we'd like to investigate further.,AmazonHelp
151566,Not Shipped.,"Alright! Thanks for letting us know, Khaled. If the item hasn't shipped yet, then you should be able to see the estimated delivery date on the same page. Is it past that date yet?",AmazonHelp
106232,toujours pas de nouvelles ...,"Bonjour, le département concerné a bien été avisé par mon collègue, merci de votre patience.",AmazonHelp
104148,C’est marqué la poste,Avez-vous contacté notre SAV pour leur faire part de la situation?,AmazonHelp
109645,Product received. Thanks,We're glad to know the same. Have a good day!,AmazonHelp
142835,"Thanks, I don't want to return it I just want the bottle to go with the lid",Was the item sold by Amazon or a third-party seller: https://t.co/aaDyEz1VgE?,AmazonHelp
114343,"I have but don’t seem to be getting anywhere. The bed was only £3.32 and the purse £9.99 but this time of year and on a budget, doubt if many people could afford to loose that money. It is in affect fraud and stealing. Sorry I’m not getting at you..",Let's look into this in real time for you. Please call or chat with us here: https://t.co/n0TTLm6sl6,AmazonHelp
119113,Thank You SM Team for restoring my faith back in your support team's work. Your old customer (since 8/6/2013) is satisfied now.,We're glad we were able to resolve your issue. Appreciate your patience and understanding as well.,AmazonHelp
103388,"Yes I have, crossed checked my Credit Card as well, used to for other purchase on a different website but happened twice at Amazon..","Hello, we can't decline a card. We request the funds from your bank and they either approve or decline it. Please removing the card from your account and adding it again making sure all the details including billing address are correct to the info your bank has.",AmazonHelp
105034,it is listed as a completed transaction on my bank statement. A new date has not been supplied.,Strange - pls check your account for possible duplicate orders and for the latest order status: https://t.co/aaDyEz1VgE,AmazonHelp
137508,Yes. Tried n still not working for Simran movie n Inside Edge show. See pic [URL],support team here: https://t.co/rS49hgaADF and we will assist you accordingly.,AmazonHelp
128641,But my friend ur link is not working...See my previous screenshot,Request you to try this link : https://t.co/vlvfJr4nN9 and you'll be connected to our support team.,AmazonHelp
114474,Pl suspend this complaint for time being as the vehicle owner who caused the damage got in touch and promised to compensate,You should have received an email update from our team. Please check and reply to it. We will take necessary action.,AmazonHelp
146883,I've heard absolutely nothing!,"We don't want you to be blocked from your account, Tim! Let's go over some further options in real-time, via phone or chat, here: https://t.co/JzP7hlA23B",AmazonHelp
122855,"It's tomorrow, but it was supposed to be dispatched yesterday. My guess is that it's close to my address?","Orders can ship the day of delivery and still arrive on time, Hannah! Let us know if yours doesn't arrive on the date given!",AmazonHelp
157024,"Had a chat with CSA Deepika. She only advised to reject the delivery. However, you are not answering my query as to how my order details & address, shared with you only, reached a third party? This is breach of my privacy & data. Need stern action","Apologies for the issues with the order. We'd like to have a closer look on this, please share your details here: https://t.co/GIJyeYqKE0 and we will get in touch with you soon.",AmazonHelp
142572,C'est la réponse imbécile du support vendeur qui m'a incité à passer à PriceMinister pour les livres d'avant 1980. Eux ne demandent pas d'ISBN pour des livres parus avant l'invention de l'ISBN...,"Je vous comprends, et je suis désolé si vous n'avez pas pu vendre vos livres sur notre plate-forme !",AmazonHelp
102101,Now even doremon first season not available ..... First Darker then black now this. So what are you having CID and Tarak Mehta?,Thank yo u for flagging this to us. I'll forward your feedback internally for a review.,AmazonHelp
135456,3 de noviembre pero sin hora 🙌🏻,"Comprendo. En caso de no recibir el pedido en la fecha indicada, no dudes en contactarnos de nuevo.",AmazonHelp
156565,"Su web no funciona y, curiosamente, su horario termina a las 19h... No es el primer problema con en esta zona.","Javier, ¿el producto es vendido y enviado por Amazon o por un vendedor externo que utiliza nuestra plataforma?",AmazonHelp
114957,Sim!!!!!!! Estou esperando vcs baixarem o valor do livro O segundo sexo de Simone De Beauvoir para comprar.,Fica de olho então no nosso site e no nosso Facebook!,AmazonHelp
140192,Yes I have and says delivery will happen today but tracking shows it still on the west side of WA.,Carriers deliver up until 9pm. Please keep us posted if the package does not arrive.,AmazonHelp
152176,"ok, going through this — your only letting me use a pass my parcel to drop off — which is 10 miles away … however there are 3 drop off places in my town why can i not drop off at a local collect or locker?",Hi Stuart! The item may not be eligible for a locker return. You can find more info here: https://t.co/GqK4w0eUCI,AmazonHelp
104092,Yea son ya’ll even charged me 😴,Is your item being shipped by Amazon directly or by a third-party seller? You can view that information in the order details here: https://t.co/8qrlyfw9bJ,AmazonHelp
113712,How do I find that out?,We do not have access to accounts via Twitter. We would like to look into this in real time. Please call or chat with us here: https://t.co/gXX8ftXziW,AmazonHelp
146331,I studied my account and I do not have any active subscriptions. And the last thing bought in my order history was $6.. [URL],Really the only way we will be able to investigate this matter is to call or chat with us via the link previously provided. Let us know how it goes!,AmazonHelp
123884,Today by 8 pm according to [URL],"Ok, I hope it arrives today. Sorry again about the delay.",AmazonHelp
129835,There is no link as it was App only Quiz. See screenshot. [URL],The results will be announced today. Please stay tuned to our official page for update.,AmazonHelp
100896,I keep chasing u guys and finally ur reply [URL],Please don't provide your order details as we consider it personal information. Our twitter page is visible to public.,AmazonHelp
128943,"Gave all the info asked for and was told I'd be contacted in 24 hours, It's now almost the 18th!",I completely understand your frustration. Have you checked your spam or junk folder for our message?,AmazonHelp
141816,Oui après chacun sa passion et chacun ses goûts donc ya pas de critique a faire 😉😀,"😆😆😆 Comme dit l'adage, les goûts et les couleurs ne se discutent pas.",AmazonHelp
126599,please ask someone to contact me right away,"Thanks for filling in the details, Sanket. We'll review the same and get in touch with you soon.",AmazonHelp
106319,No reason.,We'd like to look into our options with you. Please reach out to us by phone or chat here: https://t.co/qy3J24VGxb,AmazonHelp
150114,Tried but no success....,"That's rather strange, Abhishek. You might want to procure a service denial letter from the manufacturer in case they're not willing to help you with the warranty.",AmazonHelp
128447,"I was thinking echo, but it seems like my invitation has expired. [URL]",Apologies for the trouble. Kindly connect with us here:https://t.co/vlvfJr4nN9 and we'll check this out for you.,AmazonHelp
136874,Ok no problem thanks. My wife ordered it from her account so il do it when she is free to log in thanks for the help,"You're very welcome, Sam. Please keep us posted! We want to make sure this is fully resolved for you!",AmazonHelp
127231,I don’t share order id. I sent email to original manufacture to confirm & reply on above in email as screenshot.,"We'd like to check this and assist. Please share the required details, here: https://t.co/GIJyeYqKE0.",AmazonHelp
119077,yes i mentioned the details.,Thanks for the heads up. Our team will work on this issue and get back to you with an update.,AmazonHelp
118439,"Yea, customer care just refunded me. This happens way to often. Third shipment in two months to happen....",I'm glad we were able to refund you. Are you noticing that this is happening with certain carrier?,AmazonHelp
112157,I had this cancelled September 29th. I spoke to you guys almost an hour ago last.,Thanks for confirming. We'd like our team to look into this directly. Please send us the details here: https://t.co/F4cr3SY5sg,AmazonHelp
155949,Great way to mislead your customers. I am in the business line for more than 2 years now and i know how it works. You wanted the time and you are getting the time just getting behind the escalation matter. Listen i don't care. I am raising a case in consumer Court for this matter,We definitely didn't intend you to go through this. We are working on it and will resolve the issue at the earliest. We value your time.,AmazonHelp
117525,I have resent the details. Please don't get back with the same spiel that it is as per policy and terms and conditions. Let's not waste your and my time if you are not going to provide a resolution.,"Thanks for the confirmation, Nikhil. Our team will check and get back to you with an update soon. Request you to wait.",AmazonHelp
142693,"No not yet, thanks for letting me know","Please keep us in the loop about the delivery! If you have further questions or concerns, please let us know.",AmazonHelp
111208,but what if the prices increase. Then???,"after that,you need to buy the new subscription at ₹ 999/year. You can check more details here: https://t.co/51mamjWuz3 2/2",AmazonHelp
141917,Pre ordered in Aug but only told today my card expired. Even tho I paid with new card this morning I won't receive it til next weds,"I'm sorry for the wait! When a pre-order charge is declined, it may result in a reset delivery time.",AmazonHelp
137556,Sooo.... this still hasn’t showed up? Next day delivery at its finest,What information was provided when you contacted us? We're here to help!,AmazonHelp
136525,"Received an email yesterday saying dispatched, tracking says was out for delivery 5:19am today via royal mail tracked. Nothing since.",I'm sorry your order hasn't arrived! We'd like to take a look at our options. Please reach us here: https://t.co/JzP7hlA23B,AmazonHelp
140051,Can I dm you my track number?,"We don't have access to accounts on Twitter, but we'd like to look into this. Call/e-mail us here: https://t.co/JzP7hlA23B",AmazonHelp
117832,Eu vou de Senhor Stephen Hawking pq ja tem séculos que quero ler esse livro dele ahahahah [URL],"😍 Nós também gostamos um monte do Stephen Hawking! Me diga, ele é seu autor preferido? 📚",AmazonHelp
119319,"Nothing outcome, they put me on hold to connect to management but call is on hold for almost 15 mins.. guess no one available to answer why it is not delivered","We want to make sure you are taken care of, please let us know the outcome of the call.",AmazonHelp
155984,"Delivery has not been updated since failed 23/11. Why are you asking what is showing, surely you can see the information ?",I'm so sorry! We don't have access to account or order information via Twitter. Please reach out to us via phone/chat here: https://t.co/aaDyEz1VgE and we can provide real-time assistance with this.,AmazonHelp
100484,"Except that isn't the case. 1 Why not? 2 Why are you sending people to The Works? 3 Why is that book in Home & KItchen? 4 What do you suggest I say to Bonnier when I call their switchboard as you suggest, to find out what Amazon is up to? 5 What is the point of having Prime?","Hi, you will need to speak with the publishers about this,as said the latest info we have is reflected on the website.",AmazonHelp
123034,Already reported to support team on mail. Let’s see how this gonna work. Thanks for your assistance.,Rest assured our team will work on it.,AmazonHelp
117224,Please do. Have seen this issue crop up regularly on amazon.in since you made OTP entry in-house. Hard for me to believe that you have no role to play with such a big change in workflow.,We've noted these comments and forwarded them internally for a review. Kindly stay tuned for update.,AmazonHelp
138344,Mr. Bigg Deals?,We'd like to look into this further with you. Please reach out to us by phone or chat here: https://t.co/EKXRLsnxJu,AmazonHelp
113688,Hat funktioniert. Hoffe das bleibt so. Lag vielleicht auch an der Zattoo App. Die hing heute öfter mal bei mir. Vielen Dank (:,Gerne und schönen Abend dir! :),AmazonHelp
102247,I just found out it was by a seller named Sandra Gray Store. The feedbacks in their page are very similar to mine. [URL],Hi Martin! Have you tried contacting the seller to see what options they might offer?,AmazonHelp
101227,... I did respond back to... Thanks,Please reply to the email sent by us for further queries and we'll assist you accordingly.,AmazonHelp
148736,I spoke to Amazon Customer Service on 13/11/2017 and was told to wait few more days. Said the item was un-trackable. My initial eta from Amazon Prime was 11/09/2017 having ordered on 09/11/2017. Not exactly next day?,Did we give you a new delivery date?,AmazonHelp
101334,"can not find my order, and costumer care can't cannect my any call or else. Amazon India refund my payment otherwise pay for that","As this is a social media platform, we can't view your account/order details. Hence, reach out to us from the link here: https://t.co/TxK11znixD to assist you further.",AmazonHelp
138260,Yes. Thanks for your expedite response. I do check my email as well,Thanks for the heads up. We will get back with an update soon. Appreciate your patience.,AmazonHelp
140951,yes I've been contacted ur support team thru link and thru calls too Bt issues are not yet resolved,Apologies. I'd like to take a closer look into it. Please fill in this form: https://t.co/GIJyeYqKE0 and I'll revert shortly.,AmazonHelp
137347,I can do that. What address should I send the email to? I'll include all details...,"Hi Waheed, thank you. You can send us an email via this link: https://t.co/VN4zjxdQPR",AmazonHelp
124985,Please do that. These tweets r in response 2 the email I have received. Please make some 1 call me.,We'll do the needful to make things right for you. Appreciate your patience in this regard.,AmazonHelp
103789,"Hi, it was TMD Dept, Bizspace Business Centre, 4-6 Wadsworth Road, Greenford UB6 7JJ","To confirm, was this item sold and dispatched by a seller or by Amazon? If it was a seller, have you tried contacting the seller? You can find how to do this here: https://t.co/wtCjHrsCxK",AmazonHelp
131044,"Ordered item on Monday w/ Express delivery on RM Signed For, kept getting notification saying RM had received it and looked but it had",Could you tell us the delivery date provided in the original order confirmation e-mail?,AmazonHelp
135206,I have sent te message 2 times and you haven't replied still,You can Private Message us here. https://t.co/1XyLaGkcaN,AmazonHelp
155881,Non car c’est toujours une galère pour attendre les remboursements. Mais honnêtement je suis déçu de ce qui vient de se passer.,"Je comprends, mais malheureusement nous n'avons aucune possibilité de nous aligner sur le nouveau prix.",AmazonHelp
134449,"No, ma doveva essere spedito il 31 e io vivo in sardegna quindi i tempi sono più lunghi",La spedizione avverrà comunque in tempo per rispettare la data di consegna. Restiamo a disposizione!,AmazonHelp
113670,But 1 is getting delivered today and 4 tomorrow in 2 separate packages and different times even though it’s the same item.,"I can understand your frustration with this! If the item you're ordering is out of stock or unavailable to ship immediately, you may not receive the item in two business days. Also, the shipping method time starts when the item ships. I hope this helps!",AmazonHelp
102399,"Da steht immer noch, dass es heute zugestellt wird. Heute hat noch etwas mehr als eine Stunde noch. Wird der Status auch mal geändert?",Das Statusupdate kommt sicherlich noch :),AmazonHelp
145189,I’ve done this like thrice already. My email id is __email__ you have all my details surely. I’d really like a fix now because prime doesn’t seem to be that promising anymore,"I get your concern, Avik. In this case, please reply to the email you've received from us(social media). We'll get back to you with an update. Please don't provide your email id, we consider it personal information. Our Twitter page is visible to public.",AmazonHelp
113342,I am not satisfied from your mail. Why should I believe you and on your company?,"I get your concern, please reply to the email you received and we'll get back to you at the earliest.",AmazonHelp
125915,Than why you provide offers if you can't afford.it takes much time to find good deals and you cancels it at last moment.,"I understand your concern, Prashant. We've forwarded your feedback to the team concerned for review.",AmazonHelp
145586,"By itself! Weird, right? I️ called Amazon when I first got it about a week ago, but haven’t heard anything since.","Oh no! We'd like to have a member of our Social media team look into this for you, please provide all information related to this order here: https://t.co/XTaBzYFzjA",AmazonHelp
106656,No mails no replies...u shud have called us and shared the status of replacement of phone,may resubmit the details using the link shared earlier.,AmazonHelp
126138,Awesome! I’m waiting!!,"Stay tuned, there is more to come :)",AmazonHelp
153629,today i received a mail that return is completed. my replacement has been canceled.. can you please process my refund.. i don't know why there is some much confusion when i clearly asked for refund still getting mail about my wish.,We've emailed you here: https://t.co/8DAc10S7ww Kindly check and write back to it for further assistance.,AmazonHelp
137943,"Coucou, je viens de refuser le colis a la livraison aujourd'hui, je recevrai le remboursement de la commande sous combien de temps ?☺️ Mici",Le remboursement sera effectué dès réception du colis par nos entrepôts.,AmazonHelp
124050,Thanks I was hoping it would but I’ll order a Dot remote anyway Thanks for the info 👏,You're welcome. Have a nice weekend!,AmazonHelp
119214,Received. Thanks,You're most welcome. I'm happy to learn about the delivery. Do keep us posted for any further concerns. We'll be glad to assist you accordingly.,AmazonHelp
142172,"conversation between us, and it's been 7 days till no solution found and you guys have used this paitence message more than 20 times. So is this justifying your way of work?? Yesterday only gone to office and got this from will surely fill and submit tomorrow [URL]",The resolution provided to you over email is the best we can offer at this point in time. I request you to kindly wait for an update from our team. Appreciate your understanding.,AmazonHelp
134703,Efectivamente hablé con ellos esta mañana y me confirmaron la entrega de hoy. Toda la tarde en mi domicilio y sin recibir mi pedido,"Ya veo, ¿has reportado la incidencia directamente con nuestro Servicio al Cliente?",AmazonHelp
150337,I have not received any mail from you,Sorry for the miss. Please fill this form: https://t.co/beaaDm0muc and we’ll contact you soon.,AmazonHelp
100828,not available at my nearby distro center.. Says it comes today. Kinda horrible delivery times.,"I know how frustrating this is. We ask that you allow until 8pm today to deliver. If the item's not received, let us know!",AmazonHelp
121100,48 hours over.Not received the item.#notimevalue #delaydelivery #disapointed,Kindly reply to the email we've sent to you and we'll help you with your issue further.,AmazonHelp
109485,I filled the form yesterday and still waiting for YOU to revert. 3rd day of #amazonprime delivery.#Joke,"If you've shared your details, we should've sent a correspondence to you here: https://t.co/NTkrxpsbHJ.",AmazonHelp
141452,Still not here. Carrier is listed as AMZL,"I'm sorry your order has not arrived. We'd like to have a member of our team look into this further. When you have a moment, please relay specifics using this secure link: https://t.co/5TKJ32j60L and we'll be in touch.",AmazonHelp
147391,Connects to Wi-Fi.Then it says “go ahead & finish Setup in the Alexa app” then gives me error 7 every time or ‘additional page’ won’t load,Hi Sebastian- To confirm is it just showing error 7 or is there any further details?,AmazonHelp
110674,Never purchase anything from this cheater.,"Looks like you had an unpleasant experience. I apologize for it. We'd like to help, please tell us what went wrong.",AmazonHelp
142553,Yes. They advised her to speak to and find out more details about this transaction. Hence the phone call and twitter debacle.,When Customer Service couldn't locate the charge what did they advise for the next steps?,AmazonHelp
120033,"Thank you for your reply, I have written my comments on the portal link shared. Please do the needful.",Thanks for confirming. We'll reach out to you soon with an update.,AmazonHelp
120949,"I have already provided all details in screenshot now so u require dob n blood grp, do the needful dnt bluff",the link provided above by my colleague 'VM' so that our team can look into this and revert to you soon.,AmazonHelp
144072,Details shared in the mrng any update please?,Sorry for the delay. Our team will get in touch with you soon with a correspondence.,AmazonHelp
123695,Thr ws offer frm 4to7oct 15% Amazon Pay Balance cashback It is still nt credited and custmr srvc says this product ws nt in offer list,I'd like to have a closer look at it. Please fill this form: https://t.co/beaaDm0muc and I’ll contact you soon.,AmazonHelp
111947,The book is a Gordon Ramsey book it’s showing in docs but not your content will Alexa still read it,"I see, thanks for the update. Do you know what format the book is in? Only files in Kindle format will be compatible.",AmazonHelp
108786,"Yes, i have already done that.","If the details are shared, you must've received a correspondence from us. Please check.",AmazonHelp
149707,My email Address is __email__ you can pull my account from that,"I'm sorry, we do not have access to your Amazon account via Twitter. Please provide your contact information using Eric's link and our team will take a look at this.",AmazonHelp
130456,says i dont have an active memebership & wouldnt let me cancel it!,"Got it! Have you tried reaching out to Audible, Fi? Please let us know!",AmazonHelp
105228,I haven't received my order Tracking #: 447189389074 N the same happened to my order from mumbai. And now your site doesn't provide COD.,"here: https://t.co/beaaDm0muc, we'll get back to you soon.",AmazonHelp
105227,"i was promissed by CC guy that my pickup would be today, again you failed. This is first time when m not liking amazon service","Sorry about the miss, Pradeep. We'd like a closer look at this, please drop in the details here: https://t.co/GIJyeYqKE0",AmazonHelp
129365,"já chegou. não desgostei do produto, é ótimo. eu só esperava uma tela mais clara.",Oi Cris.Você vai adorar! 😍📚☕️ https://t.co/3xk9DfyJ48,AmazonHelp
144698,"The last date I was given was yesterday and today I was told it would be escalated, but I was told that on both Tuesday and Wednesday. I’d love to talk to someone who actually knows what’s going on. I don’t understand how my package has been out for delivery for four days.",Thanks for confirming- Were you provided with a time frame for this escalation? We wouldn't have access from here to any account or order info to check this further for you.,AmazonHelp
128435,i am not getting any replies from the amazon despite communicating through the link provided by you. plz help asap,"Sorry to know that. I'd like take a closer look into this, please share your details here: https://t.co/GIJyeYqKE0.",AmazonHelp
152450,"your FBA made a listing mistake by putting an item in the wrong ASIN, even though I sent multiple units of this product and most of the units were placed in the correct ASIN. What's more frustrating is that they keep telling me that they fixed it, but nothing ever gets fixed!","Sorry to hear that, did you contact Seller support about this recently? Did they say that they would update you after a certain amount of time?",AmazonHelp
119869,Received another ridiculous response from your customer service department. Can you please have this situation sorted today. At wits end.,What information did we provide?,AmazonHelp
145128,Obrigada por terem retirado a cobrança,A cobrança já foi deletada do cartão?,AmazonHelp
119130,"U know why u people are best in the world . Not for sales , it’s for service .",Thank you indeed for keeping us inspired to do such great work. Have a super weekend & party hard. ;),AmazonHelp
128951,Send DM details,here: https://t.co/vlvfJr4nN9 ? 2/2,AmazonHelp
129453,"Ich hab 2 Bankkonten seit Jahren. Kann diese derzeit nicht nutzen beim bezahlen. Support sagt ""wegen Prüfung"", was auch immer geprüft wird..",Danke für die Rückmeldung. Du findest hier alle Informationen dazu: https://t.co/eeBvwdQMXR Liebe Grüße,AmazonHelp
132950,Du coup la garantie de livraison donne droit à un bon d'achat en compensation ?,Il faudra en faire la demande à notre SAV également qui vous proposera la solution la plus adéquate.,AmazonHelp
132260,No. They sent a note to the packaging and distro team. Really needs to go to your QA/Marketing team to make message clearer!,Have you received an update in the meantime?,AmazonHelp
155250,"The cancellation link sent me to a letter which I had to print and send to Luxembourg. Really not helpful, and unfair to expect your customer to have to go through all this faff for something I never wanted.","Okay, let's try this. If you have a free moment, please reach out to us directly here via phone so that we can look into this for you: https://t.co/JzP7hlA23B We'd like to help!",AmazonHelp
147928,"Yes, today...but it was for three items, not five",Let's look into this in real time. Please call or chat with us here: https://t.co/hApLpMlfHN,AmazonHelp
106995,"It just states it’s on its way, 3 rd party delivery no tracking",Thank you for confirming. Who is the carrier of the item? You can check that information here: https://t.co/aaDyEz1VgE,AmazonHelp
122935,According to my account it us Royal Mail who are not going to be delivering at this time of night!,I understand your frustration. Late packages typically arrive the next business day. Please keep us posted.,AmazonHelp
155133,Problem is solved. Thank you.,"Glad to know that your issue has been resolved, Prateek. Do let us know if you need any further assistance.",AmazonHelp
155758,All details sent again. Please check and revert.,I have checked it from my end. We haven't received any details yet. Please share them from the link here: https://t.co/VNUITkunAc again to assist further.,AmazonHelp
130647,what response? I have given all the required details and I am not getting any positive response from your side ask team to check,We request you to reply to the email correspondence sent by us. We'll get back to you with an update.,AmazonHelp
104144,Yes no problem. I turn the stick on and it looks like the attached! ALL put of proportion. Calibrating doesn't work. [URL],"Restart your Amazon Fire TV. Disconnect the power cord (from the back of the device or from the power outlet), and then plug it back in. Try these troubleshooting steps: https://t.co/ff9xuxudZs If you're still haveing trouble, contact us: https://t.co/qy3J24VGxb",AmazonHelp
147568,"C'est chou, vraiment. Je ne suis pas opportuniste, tkt, je suis fidèle cliente Amazon donc j'aurais toujours besoin de vous 😳",C'est avec un grand plaisir.,AmazonHelp
147035,"a very long time ago amazon let people add ""ideas"" to a wishlist that acted like their own items that you could add the comments on and everything. eventually the feature to add them was taken away but existing ones still remained. now ...",Thank you for explaining it me. I vaguely remember what you're referring to. It was almost like a review of the items you wanted. Here's a link to our wish list help pages to see if they help: https://t.co/7TwtFKOabu. Does that sound about right?,AmazonHelp
149971,Hi im updating you about my package it was delivered but left in rain im not sure if its ruined or not,I'm sorry it was left in the rain! Please let us document your carrier feedback here: https://t.co/hApLpMlfHN following this sequence: Prime & Something else More non-order questions> Give Amazon feedback> Opportunities for improvement Choose the E-mail option​,AmazonHelp
116781,"Furniture ordered & still no indication it will ever be delivered, items sold & then after delivery date told you don't have in stock, item delivery date comes & goes & then no communication delivery date pushed back a by a week. Long time Prime member and this is terrible.","Can you please confirm the carriers for us? Also, what is the latest update on the tracking?",AmazonHelp
129699,Das stimmt! 😄 Aber wo finde ich denn die Routinen? 🤔 Unter Smart Home? Ist das extra aufgeführt?,Mit den neuen Alexa Routinen kannst du verschiedene Aktionen auf einen Befehl legen.,AmazonHelp
128675,U kidding ? [URL],"Hi! I understand your concern, please fill this form: https://t.co/beaaDm0muc and I’ll contact you soon.",AmazonHelp
100273,I need a solution why u r not helping consumers on self return things. M not bought product to self return. Why Amazon allows such seller,to our team internally to work on it. 2/2,AmazonHelp
114528,"I used my 6-month trial already, but how can I sign up for Prime Student on its own?",Is your 6 month Prime trial already expired? Did you manage your Prime so that it would not convert?,AmazonHelp
122273,i've shared details already,Thanks for confirming. We'll check and revert accordingly.,AmazonHelp
147650,"Current issue stems from us no longer being willing to accept refurbished models, for obvious reasons, and there requiring a manager to authorise a refund/new replacement.","Did our Kindle team provide a specific time frame for a call back? Also, have you received any e-mail response regarding the issue? Please make sure to check your spam and junk folders, as they are sometimes routed there by mistake.",AmazonHelp
129434,Agent has told their system said delivered to Locker but collection code has been provided to me or them,Was this parcel being delivered to one of our Amazon Lockers? Please double check your spam/junk folder for the e-mailed code!,AmazonHelp
143164,"Replied to that mail, but Amazon is so desparate to cheat that they are neither refunding nor responding to those mail even more than 24Hrs.","We have received your details, we are working on it. We will get back to you at the earliest.",AmazonHelp
119430,I think the carrier is just Amazon?,I see! We'd like to take a look at this with you. Please call or chat with us here: https://t.co/JzP7hlRCV9,AmazonHelp
105268,The 2nd october,You should receive the code via e-mail sometime today. Please keep us posted!,AmazonHelp
136274,"""Currently Unavailable"" Been like that since today..... Wanted to order a copy to be on my doorstep tonight, times ticking on that.",It isn't currently available via Prime Now. You can order it with regular Prime shipping here: https://t.co/7A7zSSPGub,AmazonHelp
118529,"Only by 36 hours so far... Firstly because of driverly ineptitude, then by 'external factors' (I suspect it was left off the van) It really should arrive, and be handed over to staff, by 1200 tomorrow. I even offered to pick it up from the depot.","Lucas, it depends on who the carrier is. Can you tell me who the carrier is, you can check here for carrier: https://t.co/aaDyEz1VgE?",AmazonHelp
123056,Eure Website ist zuversichtlich - ich weiterhin skeptisch! ;) [URL],Ich drück die Daumen!,AmazonHelp
113253,I haven't.,"Please do not worry, we'll work on it and get back to you at the earliest.",AmazonHelp
113263,"Allez allez allez... Amazon, je dois être ton meilleur client... vérifie mon historique de commandes","Nous essayons de proposer le meilleur de l’offre, prix et du service, mais nous n’offrons pas de programme de fidélité.",AmazonHelp
157409,E quanto ao app ?,Você está se referindo ao app de leitura Anderson ?,AmazonHelp
140169,both fulfilled by Amazon but sold by 3rd party (cable matters & mystery). return label says Amazon customer returns,Please phone or chat with us so we can review options with you here: https://t.co/JzP7hlA23B,AmazonHelp
112050,"Was told to call back after 5, when did differ rep said she couldnt locate it bc USPS was closed after 5. i'll have another package by Wed??",We can't view order info via Twitter. Did you receive a notification for an updated delivery date?,AmazonHelp
141888,Thank you for your help today. Please carry on doing a great job dealing with us frustrated customers!,Your welcome. Let us know if there's anything else we can help you with.,AmazonHelp
146697,I had taken a whole day off of work to wait in for my delivery only to receive an email to state failed delivery? No one has been here all day I have cctv. I just don’t feel satisfied with the outcome..,"I'm sorry you haven't received your parcel yet. We can take a look at this for you, Josh. Just click the link here and follow the prompts. https://t.co/JzP7hlA23B",AmazonHelp
135600,Just 12 episodes of season 2 :/ why ain't' there no new episodes yet [URL],The third season will be uploaded soon. Stay tuned :),AmazonHelp
105977,he was very rude he whenever it will come back will give back hung when i call back again his rejecting,I apologize for this. Kindly forward your concern to our support team here:https://t.co/vlvfJr4nN9 we'll look into it.,AmazonHelp
107687,Already made call to customer care but was of no help. Gonna think twice before shopping with Amazon and would not recommend it to others.,details here: https://t.co/3AUWqSC30K and I'll get back to you. 2/2,AmazonHelp
137325,How many times you need details ?,"If you've shared your details, you must have received a correspondence from our team. Request you to reply to the same.",AmazonHelp
137090,delayed further won't even ship for another few days expected delivery is the 24th,I'm so sorry for the delay and frustration we've caused! Please let us know if you don't receive the item by the date given.,AmazonHelp
133614,Surprised to see that. After questioned Amazon fr cheating. They removed COD options to my accoun how dare they do this t me,Apologies for the inconvenience. Kindly report this to our support team here: https://t.co/vlvfJr4nN9,AmazonHelp
153478,Amazon is the carrier.,I would like to have someone from my team take a closer look into this with you. Please fill out your details here: https://t.co/BBc6sPlSq5 and someone will be in contact with you.,AmazonHelp
139616,Agent couldn't give me any details but said the relevant team will be in touch by email. No emails so far and still showing arriving,Hi Arthur- Was a time frame provided as to when this team would be contact? Have you access to your account?,AmazonHelp
121870,Bonsoir c'est fait. Normalement je dois recevoir ma commande ce soir après modification de livraison. Bonne soirée! ☺,"Super nouvelle, je vous souhaite une bonne réception de votre colis.",AmazonHelp
132065,This is not the first time I have experienced this in each and every order placed at amazon,I’m sorry about the issue you’re facing with the order. Let us look into it.,AmazonHelp
104021,So it’s not a promise fulfilled by amazon but by the supplier? That seems a bit false advertising. I’ll accept it tho,"Hi, was the item your ordered sold by Amazon or was it sold by a seller?",AmazonHelp
105803,Just call me on 9166967022.. else I have to inform other authority regarding this !,Sorry for the inconvenience. Provide your details here: https://t.co/beaaDm0muc I will get in touch with you a resolution.,AmazonHelp
111032,One month. I don't see the warranty information on the product page.,Please reach out to us directly here: https://t.co/hApLpMlfHN and we can look into this further.,AmazonHelp
146930,The expected delivery date was the 14th. It's the 15th and it's still not here. I would like to know what happened. I have not received any tracking updates since sunday night.,So sorry about the delay! What was the last update you received? You can check that out here: https://t.co/Y5jpI9gRhE,AmazonHelp
135678,"You asked me to share details with you, [URL] I was hoping for fix and not ""thanks for the great suggestion"" response",on your concern and we will get back to you with an update at the earliest via e-mail.,AmazonHelp
122393,Are you dumb? I've already filled in this form the other day.,Since you're unable to find the email sent by us request you to fill your details again so that I can get back to you.,AmazonHelp
156545,"I will, but I was literally chatting with your customer support minutes before my second ""refund"" email came through. And Gireesh told me that my order would come by EOD today and I quote ""there is no need to be worried about this anymore"".",I understand. Keep us posted on the outcome of you reaching back out.,AmazonHelp
127904,No. They were supposed to arrive today but I was told there was a delay,Please allow 1-2 days for your package to arrive. Of it doesn´t arrive by then call us here: https://t.co/hApLpMlfHN,AmazonHelp
112426,Done and waiting for further action from Amazon,"Thanks for filling in the details, Jayakumar. We'll review the details and get in touch with you soon.",AmazonHelp
154331,Just you refund my amount in time. Without any excuse and delay. This process don't required more time.,I understand your concern regarding the refund. Please drop in your details here: https://t.co/GIJyeYqKE0 and we will look into this for you.,AmazonHelp
110803,"I already mailed you people such a strong complain abt the service ,instead solving you people cancelled the order...BIG ...FRAUDSTER.....",Have you shared your details through the secured link provided earlier?,AmazonHelp
121436,I have dropped a mail already,We understand your concern. We've not yet received your details. Please use the link to share your details.,AmazonHelp
129787,Già iniziata 😂,Yeeeeee! https://t.co/fvRFgeNnJ6,AmazonHelp
146148,"This did not work, all my other videos in Prime and on Fire Stick appear perfectly. Can you confirm that 's version of Roseanne is poorly cropped from its original 4:3 to fit 16:9?","Based on the reviews, it looks like this is how it was intended. I'll be sure to let our Amazon Video team know about the ratio. If there are any changes, they will be reflected on the website.",AmazonHelp
122964,Still no prime. This is really frustrating,link here: https://t.co/NTkrxpsbHJ,AmazonHelp
119529,le he mandado un MD dado que no encuentro su número de teléfono,"Cristian, para comunicarte con el transportista puedes ingresar al siguiente enlace que te brinda información muy completa: https://t.co/4FMEXhFZDq ¡Suerte!",AmazonHelp
141382,How can I change my prime subscription? To switch from the German to the Japanese prime video?,Hi Chris - unfortunately you can't switch the subscription - you'll have to cancel one and then start a new one,AmazonHelp
140400,"#YouMorons, my #problem IS ""logging in"" to a different address... Are you blind, just plain #uneducated, or #inept at understanding #unscripted #tweets? I think my photo and #question is #QuiteClear... #SomethingFishy going on. Is it legit? What say, readers? [URL]",I'm sorry about the trouble. We have restructured our amazon login page for advanced security.,AmazonHelp
130377,"Ernsthaft? Und wenn ich auf ""Konto wiederherstellen"" gehe, passiert dann was? (Ist - wie gesagt - das zweite Mal.)","Um deine Daten zu schützen, klicke bitte auf keinen Link. Weitere Infos dazu findest du hier: https://t.co/xz7dh9zJlx",AmazonHelp
138321,your website? I don’t understand the question.,"Sorry for the confusion! Which domain did you order on? (https://t.co/nUUp5MLhYl, .de, .co.uk, etc.)",AmazonHelp
148530,I want to pair my Dot with the firestick how can I do that via the app ?,"I'm sorry, this functionality isn't available in the UK yet. Keep an eye on our site for when new features become available!",AmazonHelp
122853,if the driver already attempted or if he still to come?,"Hi Tico, Thanks for contacting us.Our carriers deliver items until 21:00. Please keep us posted.",AmazonHelp
133950,How long? It's been a month!,"I understand the situation, we value your time. We’re working on it and we’ll get in touch with you soon. Please keep an eye on your mailbox.",AmazonHelp
101641,John from your team had requested 24-48 hours for resolution. Instead I received a generic email saying look forward to hearing from you soon. Could u pls help me understand the meaning of the email.,I'm sorry about the stretch. Our team is following up on this and we'll reach out to you soon with an update.,AmazonHelp
118843,"Since it was gifted mobile, it crossed 12 days to reach the concern person, once opened it was known as defective product",Apologies for the trouble with the product you've received. Kindly reach out to our support team through the link provided earlier and we'll have this looked into right away. Do keep us posted.,AmazonHelp
105989,Did that already same pathetic results. Anymore lame suggestions?,I get your disappointment. The resolution provided is the best we can offer at this point of time.,AmazonHelp
118400,No it was amazon.es,"Andrea, we are sorry about this experience. Have you contacted the carrier through phone to check your delivery?",AmazonHelp
120024,Last communication I received from praveera i. eon 06/10/17. Massage was my refund is processed and it should be credited in 3-5 business days. Post that there is no communication sent to me. Your 3-5 business days still not over I guess.,Please call our support team here: https://t.co/vlvfJr4nN9 so we can help you with both your accounts and the communications sent on them with the refund details.,AmazonHelp
141930,"Da beide Pakete tatsächlich gestern kamen, habe ich nicht mehr nachgefragt.",Das freut uns zu lesen. Hab noch einen schönen Tag.,AmazonHelp
131057,"Yes, for sure..no one is doing that","In that case, please share your details with us here: https://t.co/GIJyeYqKE0 and we'll investigate this further.",AmazonHelp
114458,"Ah damn, that sucks, was hoping to get a few things quickly today and thought of prime now, and my gift card balance, guess I'll have to brave the cold now! Any news about being able to in the future?","We have no insight in those decisions, we would not know. Sorry to make you brave this cold.",AmazonHelp
118299,domani... però sono le 19:40 e ancora è rimasto nello stato di prenotazione. fra poco vado a cena.,Faremo il possibile per consegnarlo entro la data di consegna indicata. Buona cena 🙂,AmazonHelp
108773,This is really not professional from you to ask for 24-48 hour agains. You already gave same reply 2 days back(3rd time).,I understand your concern. Please revert to the email you've received from us and I'll reach out to you.,AmazonHelp
120589,Okay! I will deactivate my account and make sure many other people do the same. YOU GUYS ARE CHEATING CONSUMERS,"may go ahead and place a new order. For further assistance, kindly get in touch with us here: https://t.co/vlvfJr4nN9 2/2",AmazonHelp
138550,Thanks... It got delivered 😊,"You're welcome, Poulomi. It was our pleasure assisting you. Do let us know if you need any further assistance.",AmazonHelp
135913,What is the url need to be filled in the form,URL for the message would be the link of your tweet to us.,AmazonHelp
118977,"A neighbour has just dropped off the item to us - it was handed to someone called Howard, not Ian. So glad that one is solved.","Hi Alex, I'm glad to hear that you've now managed to retrieve your parcel. If you have any further issues, please let me know.",AmazonHelp
142558,How can you cancel my order without my permission..??,I'm so sorry about this. Every cancelled order is followed by an email with the reason for cancellation. Kindly check.,AmazonHelp
127656,I have already filled,We have received your details. We will get back to you at the earliest. ^,AmazonHelp
112610,Let's see.,Thanks for your support. We are working on your concern and will get back to you shortly. Please keep an eye on your emails.,AmazonHelp
101484,"C’est pas faux, on a pas l’habitude au soleil dans notre département , la pluie et notre seul alliés lol vous pensez à tout 😋 indice 50+ [URL]","Alors, qu’est-ce qu’on fait maintenant ? On dépose nos demandes de congé 😜?",AmazonHelp
106964,my item was delivered on oct 2nd and i guess was lost and has not been delivered at the correct ... [URL],When you have time give us a call. We can look into options for the order. We're avail 24/7: https://t.co/hApLpM3Ejd,AmazonHelp
156723,how should she contact you? Is there an email address?,I've included the link below which connects directly to our contact us page; from there she'll be able to contact us via phone or e-mail: https://t.co/jzvkhdlrK5,AmazonHelp
103025,"Well, I've not named them. This one is a male so we'll name it Prince and let's call his sister Alexa! [URL]",That's sweet! Say hello to Prince and Alexa from us. 🐱,AmazonHelp
156180,"Chequei sim! Não é a primeira vez que compro com vocês, mas com certeza é a última.","Por favor, entre em contato com nossos companheiros de Suporte ao Cliente para que possam verificar o que aconteceu: https://t.co/qGpkDwGRhX.",AmazonHelp
108247,"reported & was assured delivery on 7th Oct. I haven't got it yet, reason your incompetency to locate the address.",possible. Please provide your details here: https://t.co/Bg7JpBuhdG and I'll get back to you. 2/2,AmazonHelp
132653,despite three email no reply received from your company,"I'm sorry that you haven't received any update, please call us through the above link to get an instant update.",AmazonHelp
106435,How long will i hve to wait for this?,Sorry for the delay. Please check here: https://t.co/NTkrxpsbHJ if you've received an email correspondence from our team.,AmazonHelp
118502,"I can’t return it, it was binned due to it leaking everywhere.",I'm sorry for the trouble! Let's go over your available options here: https://t.co/JzP7hlA23B,AmazonHelp
157439,Non Amazon.de,We can't offer customer service in french but you can contact us in english via https://t.co/ohyvGrpvrY Our colleagues will have a look into this.,AmazonHelp
133162,"I bought lot of products in 14 to 18 oct, nothing got delivered and reason was stated that goods were not accepted and now can't redeliver",I’d like to help you; please fill this form: https://t.co/beaaDm0muc and I’ll contact you soon.,AmazonHelp
124645,The order still says this. [URL],Will you tell us who the carrier is for your order? You can find this information here: https://t.co/Y5jpI9gRhE,AmazonHelp
145864,"two people have now told me the refund has gone through (for the wrong amount I may add) and that I have an email confirming this ""instant refund"". The emails do not state it is completed as promised, merely that it's been requested. #tradingstandards anyone? I have screenshots.",I can confirm we've received your information and we'll be in touch shortly.,AmazonHelp
100221,When will i be getting a refund of this product #help #pleasebesensable [URL],Our team has sent you a correspondence. Kindly check it here: https://t.co/8DAc10S7ww,AmazonHelp
137247,Eine Bestellbestätigung mit Lieferdatum? Ja,"Meld dich doch einfach mal direkt bei uns, im Amazon.de Social Media Team, und wir schauen uns das an: https://t.co/br7bhrlJn8",AmazonHelp
100729,"Thanks again for your reply. Fire TV won't show up in mirroring on my Android. Chromecast mirroring will work though, so the phone is ok","We'd like to troubleshoot this with you in real-time, please give us a call here: https://t.co/JzP7hlA23B",AmazonHelp
125429,Same day delivery. Simple delivery instructions provided. Not followed. Repeated calls w/ no solution beyond “We’ll leave this feedback.”,Thanks for the info. Who was the carrier that delivered the order: https://t.co/q4LAMZ3tbE?,AmazonHelp
104091,Viernes 24 de noviembre. Y el pedido se hizo el día 21. Un Saludo.,"Gracias por la información, Carlos. ¿Has podido comunicarte con sobre esta entrega?",AmazonHelp
131197,It was a third party seller,Have you contacted the seller?,AmazonHelp
133394,Current status. [URL],"Thanks! When you have a chance, please give us your info here: https://t.co/6Ldkk1Pnvg and a specialist will contact you.",AmazonHelp
113852,"I tried my home address, but you won’t ship to Netherlands. Now I’m but can’t get it here or in the pickup-point 😢 Just want to have a couple to test with and call lambda functions...",I apologize for any inconvenience this has caused. Certain restrictions prevent us from shipping items to all geographical locations. More info can be found here: https://t.co/iARnXhVdvZ,AmazonHelp
100971,"But that’s not an excuse. You delivered in 2014, 2015...it’s from 2016, 2017 you have changed your policy towards Imphal Manipur. I had bought Samsung galaxy, s2 from you...and you delivered through blue dart. Blue dart is still here.",I understand your concern. I've noted your comments and have forwarded your feedback internally.,AmazonHelp
145985,USPS says it left shipping partner facility in Kenosha WI at 3:23 A.M yesterday. That was the last update.,I understand your concern. Orders can be delivered up to 8:00 PM. Let us know if we miss our promise. We're here for you!,AmazonHelp
117134,I followed the link it says to contact the carrier however it says that is was delivered by amazon shipping yet there is no number for them to contact on your carrier list??,Hi there! Do you see an AMZL or Amazon Logistics on the list?,AmazonHelp
154452,I called customer service they didn't care,Have you had a chance to follow the steps shown here to set up display mirroring: https://t.co/wUiS8eRMaL?,AmazonHelp
108481,"I only just now started to open it, and I'm thinking I didn't get a new one. No shrink wrap & box is all messed up. I paid for new. [URL]",That's odd! Have you had a chance to checkout available return/replacement options here: https://t.co/a6Zr9jXrVr,AmazonHelp
154791,Original estimate was tomorrow and sold by yourselves,I'm terribly sorry for the delay in getting your parcel to you. Please keep us looped in as to if it doesn't arrive by the new date given.,AmazonHelp
110469,Still I did not receive any calls from Amazon,We've sent a correspondence via email. Please check it here: https://t.co/8DAc10S7ww and revert for further assistance.,AmazonHelp
107267,roku stick. i dont think i can. i assume it would be obvious. thanks,Have you been able to reset your Roku? Please keep us posted!,AmazonHelp
131277,I should also correct myself by saying that the advise given by Customer Support ended up being not kinda but extremely helpful. 👏👏👏👍👍👍🎉👏👏👏🌟,We are extremely happy to hear this 😃😃,AmazonHelp
131003,And one follow up email on 17th October. I have replied to both the emails regarding the issue. Please solve this issue. Thank you.,"Thank you for replying. We will work on this right away, without any further delay and get back to you at the earliest.",AmazonHelp
102757,Beides in der Amazon Shopping App Definition ja. Ich bestelle ja vier mal pro Woche bei euch. Aber könnte auch eine Einstellung aus dem USA Urlaub sein… In der prime video App kann ich das aber nicht verändern?,Haben dir unsere Spezialisten helfen können?,AmazonHelp
113661,"No me han dado fecha, llevan 6 días preparando el envío en un producto que según su página esta disponible",Comprendo. ¿El producto fue vendido por Amazon o por un vendedor desde nuestra página?,AmazonHelp
114518,"They're not marketing emails, they're being counted as 'transactional' even though the books are free",This is not possible but you do have an option to hide orders here:https://t.co/ruLvmV96ET.,AmazonHelp
148132,What was the point of you replying then???,"At your convenience, give us a shout here: https://t.co/hApLpMlfHN We'd be happy to assist with your order in real-time.",AmazonHelp
108468,Social media escalation team joins the race in providing pathetic service & no resolution competing with ATS and Leadership team.,I'm sorry about any inconvenience. Could you confirm if you've shared your details in the link provided earlier?,AmazonHelp
153957,"Oui pour la septième fois, votre société Colis Privé n'a pas livrer mon colis : 407-9898453-1261962 Nouvelle excuse : adresse incorrecte ! Chapeau Amazon, on pense toucher le fond et non, nouvelle surprise !","Bonjour, vous m'en voyez sincèrement navrée. L'avez-vous signalé à notre service client s'il vous plaît?",AmazonHelp
121379,Already return requested through app..See in dm,I'm sorry to know return order is not yet collected. Please share your details here: https://t.co/GIJyeYqKE0 I'll assist.,AmazonHelp
157204,"Wow! You guys are quick! You're guys actually helped me out, it was a reseller, and they emailed me, which got caught in SPAM, though it took a while to get that from calling","I'm glad to hear you were able to locate the e-mail from the seller, Ari. Please let us know if you have any other concerns or questions. We're always here to help!",AmazonHelp
130780,There were no lights on inside/outside of our house its 10:20 & they think its a good idea to ring the db &wake up us our dogs &kid AMZL,"Our team would like to make sure this is escalated for you, please send us your info via this link: https://t.co/dVwuxKa3gb",AmazonHelp
143839,I guess because these are the people you have working for you. Looks very professional. [URL],"I'd like a member to look into this further with you. When you have the chance, please provide more details on the issue here: https://t.co/GX7kNMr1hX",AmazonHelp
127719,"Biggest scam -Amazon offers 2300/- for exchange Nexus 6 64GB. Current value of phone 6700/- to 7500/- In getinstacash.in, cashify.in [URL]",on acceptance criteria defined by our Buy back partners and hence is dynamic. 2/2,AmazonHelp
104475,Ha ha. Thanks. All I know is that I love reading :),That's great! I'd really like to know what's next for the shelf. Keep us posted when you find a new one to dive into.,AmazonHelp
130417,No. Came directly from Amazon,"To set up a return with us, please visit us here: https://t.co/SoAqLGWi9z",AmazonHelp
156929,Shipped and sold by Amazon,Thanks for the information! Please let us know if you don't receive your package by the updated delivery date given from your confirmation e-mail. You can reach us here as well if anything further is needed: https://t.co/hApLpMlfHN,AmazonHelp
145331,Keep the book with u only now. Coz u can't deliver it even after the book was out 4 delivery. Tomorrow i am buying from market only. i should hv bought it from u only. #customerfooled,"As you have mentioned that your order is out for delivery, I'm positive that your item will be delivered by end of the day. Appreciate your patience.",AmazonHelp
122856,yes. The delivery was scheduled on 20th October.,Sorry about missing out on this delivery. May I know if you reported this to our support team here: https://t.co/vlvfJr4nN9?,AmazonHelp
101246,But no-one can give me a revised delivery date.... that is all I wanted to know!,Did we inform if the item was out of stock?,AmazonHelp
145069,Nothing there. We have to resolve this today. This is becoming a bigger problem the longer we wait,"We'd like to look into this further, please send us more information here: https://t.co/l4F8Su1rjO",AmazonHelp
106648,Will be expecting your call today along with a solution.,I've noted your comments and we'll call you back.,AmazonHelp
142254,I don't understand your answer. I have looked again this morning but it says also rescheduled at a later time than when I looked last night,"Apologies Jo. As we cannot access account info here, please reach out - https://t.co/JzP7hlA23B we'll be happy to assist.",AmazonHelp
140923,"No, con ninguno. Apenas me di cuenta que ya no podía rastrearlo, todavía ayer no tenía problema",Puedes contactarnos directamente aquí: https://t.co/beR78zMMYB para verificar la información del pedido de manera segura.,AmazonHelp
157719,That's great! But I wish there was a way to specify an address as a business address that can't receive deliveries past a certain time.,"We'd be happy to look into options with you here: https://t.co/Q7Ftz6nj80 via phone or chat, Paul!",AmazonHelp
114712,Yes- I’ve tried everything. Nothing is working.,"Sounds like we may need to do some live troubleshooting. When you can, please phone us here: https://t.co/hApLpMlfHN and we'll be happy to help.",AmazonHelp
110525,when do u plan to sort out the problem .or is stealing the only practice you are following,Kindly revert to our email correspondence with further query on this and we'll be happy to take it over from there.,AmazonHelp
113653,prontinho ;),Oi Tuca! Você pode falar pra gente qual é seu endereço no seguinte link: https://t.co/kUkXHFCzNL ?,AmazonHelp
120770,12:14 yesterday. It was dispatched last night. I cannot order anything for tomorrow which is unusual.,"Hi Nick, some deliveries may take slightly longer than usual due to this busy period.",AmazonHelp
105146,I have done that! I have done everything! But I cannot correct an unknown error - with your website! Please help! :(,"When you spoke with a representative in real time, what was advised?",AmazonHelp
135668,"For reasons unknown to me, am still sharing my contact information 9818114256","Please don't provide your phone number, as we consider it to be personal information. Our Twitter page is public.​",AmazonHelp
146366,"Already replied 2 days back, no action has been taken yet",Sorry about that. Please check our correspondence to that message here: https://t.co/8DAc10S7ww.,AmazonHelp
105118,"Amazon, do we have an update on my issue.","Swaraj, you must've received an email update from us, you can check that here: https://t.co/deS2TU9Xfp",AmazonHelp
120882,"This what my app is showing, can see any mail [URL]",https://t.co/FVHYVvYegY and we'll reach out to you.,AmazonHelp
103418,Who are you sorry to?? You'll have to be twice as sorry now you've mucked up the tweet!,"in M.R.P, product belonging to a different batch or different M.R.P.s being used by manufacturers in different regions.",AmazonHelp
150137,Hier dans l’apres midi,Comme expliqué precedemment nous n'avons pas accès à votre compte depuis Twitter. Veuillez patienter je vous prie.,AmazonHelp
153665,Pensez-vous sincèrement que le vendeur qui expédie un produit contrefait en connaissance de cause acceptera ma demande de remboursement ???,Puisque l'article ne correspend pas a ce que vous souhaitez avoir et que vous êtes tjrs dans les délais de retour ce dernier est dans l'obligation de vous proposer une solution.,AmazonHelp
144052,Entre aujourd'hui et lundi (soit lundi)... Amazon Prime ne m'a servi à rien. J'avais commandé pour être garantie de l'avoir le jour de la sortie et maintenant je ne peux même pas aller en magasin puisque mes commandes ont été expédiées et donc payées...,Avez-vous signalé cet incident à notre SAV s'il vous plaît?,AmazonHelp
122639,"It's more than 24hr since I filled the form, and no response yet....",in the link provided above?,AmazonHelp
154601,"Je me suis connecté après changement de mon code, et ma commande a bel et bien disparue",J'en suis sincèrement désolée. Je vous invite à le signaler à notre SAV via le lien suivant : https://t.co/hgIrz98cdI,AmazonHelp
125858,"Thanks for the prompt replies on this. I have checked with my neighbors, outside my door, and my mailbox. Both packages are missing, although they say delivered.","Thanks for confirming, please contact us here: https://t.co/hApLpMlfHN so an agent can look into this for you.",AmazonHelp
109836,USPS and inconveniences like this have happened multiple times over the last couple months.,"Have you had the chance to report these incidents with us? If not, you can do so here: https://t.co/hApLpMlfHN",AmazonHelp
120993,Yeah bcoz u guys never wanna be liable for ur mistakes and customers are fools to u guys I believe.,I'm sorry for this experience. We will consider this as feedback and ensure to pass it on internally.,AmazonHelp
127971,Your eyes are closed i guess You not getting anything FYI PLEASE BANN THESE E-Com,https://t.co/nUUp5MLhYl customer service to refund the amount. Appreciate your understanding.,AmazonHelp
149439,Okay the amazon seller name is it just Amazon? Do you have a direct link? Thank you,Which link are you needing? Can you send us a screenshot or link for the item you are trying to purchase? Thanks!,AmazonHelp
155415,The only thing was to figure out where the package is and try to delay it. Rep I’m chatting with now says they can guarantee a delayed delivery with USPS for Thursday. Is that true? Never heard of that before.,"It depends on the local station, but many will hold and reschedule deliveries. We would suggest talking to them directly, if you have the time, to confirm.",AmazonHelp
135799,Laisse tomber frérot j’ai été rembourser,C'est noté. Nous restons à votre disposition en cas de besoin.,AmazonHelp
150110,it's been going on since 26th of September....If i count then there will be no less than 40 mails exchanged and at least 8-10 phone calls..and at least a dozen messages on twitter,"That's a long wait indeed, please fill this form: https://t.co/beaaDm0muc and we'll get back to you soon with an update.",AmazonHelp
108565,"AMZCA with a track # TBC008655756009 Help has been frustrating to come by. This driver had very specific instructions, ignored them 2X",We'd like to look into this further with you. Please provide some additional details here: https://t.co/Iil6LN58mc,AmazonHelp
136865,E inaceptable que esto suceda en Amazon....,una fecha especifica para contactarte con la solución de dicha investigación?,AmazonHelp
121096,So far we have three times via the app and heard nothing. Driver told us he didn't have package and let amazon know but we've heard nothing,"When you reached us through the app, were you provided with any other information or options?",AmazonHelp
157674,Will you refund courier chatges if i send it back?,I understand your concern. Kindly refer: https://t.co/ZaHwlU3hja for information regarding the refund of return shipping charges.,AmazonHelp
121890,"Yes, I'm aware, and it tells me I have to wait 180 days to add an adult to my household. That's the gripe. I'm a prime member.","I'm very sorry about this issue, Chelsea! We'd like to look into available options in real-time here: https://t.co/hApLpMlfHN",AmazonHelp
136857,"Yes have done that over call, shared feedback online as well. All I am getting is assurances",I'm sorry to know your concern isn't resolved. Please fill this form: https://t.co/beaaDm0muc and we'll get it sorted.,AmazonHelp
114753,Yesterday. Does that mean I will not be getting my camera because you guys are out of stock now?,"I am unable to access the specific status of your order via Twitter but in my experience, when an order is placed on hold the item is not reserved and will generally have to be reordered. Forthcoming emails will provide a more concrete answer.",AmazonHelp
113905,Necesito comprar 3 tablets samsumg para los regalos de navidad pero la pagina de Amazon no me lo permite,"Hola Yancy, podrías indicarnos ¿en cuál de nuestros sitios web estás tratando de hacer el pedido (México, España, USA), y por otro lado qué error te indica la página o qué problema estás teniendo para la compra?",AmazonHelp
135243,"Yes, but there's no link to send an email. Do you have an email address I can use?","Once you sign in through the link and select your issue, you should be given the options for chat, phone and email. 😊",AmazonHelp
146370,Nickel c fais vous pouvez vous en occuper,Parfait :),AmazonHelp
131715,"Okay, cheers for the help",You're welcome! Let us know if there is anything else we can help you with!,AmazonHelp
152349,Does it have to be?,Let's look into this! Would you mind linking us to where you're seeing this offer?,AmazonHelp
130371,It's a case of hacking,Request you to get in touch with our support team via email/chat from the link provided earlier & we'll look into this.,AmazonHelp
122613,FOURTH: doesn't inform the customers if their order is FBA or Merchant fulfilled items. I contacted the seller to find out this.,"I'm so sorry about all this. You can see who dispatches on the listing page. It will say ""Dispatched from and sold by"".",AmazonHelp
103804,"i'm sorry for being mean amazon. anyway, the thing is, i don't know the email i used? i'm thinking it was a typo i didn't catch. :-(","Hi, have you checked your email accounts for messages from us to see which one was used? We'd send a confirmation email for each order.",AmazonHelp
101866,"This form mentions that I'll be contacted within 12 hours,let's hope it happens as it says",Thank you for sharing your details. We'll get in touch with you within the mentioned time frame.,AmazonHelp
118264,I tried calling but all it says is that I can't return my phone. Please schedule a call for me from the agent.,You may choose any other reason for the contact and proceed. [2/2],AmazonHelp
106108,"Or if you can't help, Forget the money. Keep it. You need it more. Last purchase ever from Amazon. #BoycottAmazon it is now.","I get your disappointment. Please reply to the email which is sent across from our team, and we'll assist you further.",AmazonHelp
123521,"Hey! I followed the link but it took me to the UK site. The purchases I have issue with were actually made in the US. Also, this looks like the same place I had my previously unintelligible reply from, I'm worried I'll get the same again.",Sorry for the wrong link. Here is the link to reach us: https://t.co/hApLpMlfHN,AmazonHelp
144055,"today was the delivery, carrier is amzl us. [URL]",I'm so sorry that your package will arrive later than expected. Please let us know if it doesn't arrive by the new delivery date.,AmazonHelp
153260,No it says they were both delivered today [URL],Was the item sold by Amazon or by one of the third party sellers on our site? This information would appear in the order details found here: https://t.co/aaDyEz1VgE,AmazonHelp
156176,Needed it by 12 today. Now past 3. No one can seem to track it.,"Has delivery been rescheduled for today? If so, carriers can deliver up to 8p.m. Please let us know if it does not meet it's new scheduled delivery, I'm very sorry for your wait. -Aisha P.",AmazonHelp
119421,still waiting that you guys will deliver it some day. You guys are real assholes. Getting paid without solving customer's issue.,"Kindly check it here: https://t.co/8DAc10S7ww, for further support please revert to that and we'll look into it.",AmazonHelp
146495,"I'm not entirely sure, but I wouldn't be surprised if it was older than that. Is 3 or higher the minimum requirements?",Roku 3 or higher are the supported devices. You can find a list of supported devices here: https://t.co/XK2ciC7Rj8,AmazonHelp
149528,Can he call you please. He watches movies at the library and has little access to internet so he mainly uses phone.,Absolutely! Tell your friend to reach us here: https://t.co/hApLpMlfHN,AmazonHelp
143643,No it doesn’t say anything about the cancellation. I have tried contacting Elgato as it’s them who are the suppliers as everywhere is saying out of stock. There’s nothing about it being recalled and it was on order from October 12th and it said arriving on 25th,"How long has it been since you contacted them? They should reply within 2 business days. If the item is currently unavailable on the website, it sounds like there may have been an issue sourcing the stock.",AmazonHelp
129490,"Pues no llegó, sigue pendiente de envío y sin información de rastreo.🤷🏼‍♂️",Entiendo. ¿Podrías indicarnos si el producto que compraste es vendido y enviado por Amazon o por un vendedor externo?,AmazonHelp
128838,On 14th I have made a purchase of oneplus 5 phone from Amazon & the payment was done. Package wasn’t able to deliver as per amazon theory.,"Please connect with our support team here: https://t.co/vlvfJr4nN9, and we'll assist you regarding this. 2/2",AmazonHelp
111518,But I paid 100 bucks extra for one day delivery,We'd like to take a closer look. Please report this to our support team here: https://t.co/TdDksLo6Mf.,AmazonHelp
154727,Je n'ai pas encore de reponse,C'est par e-mail que vous avez contacté notre SAV?,AmazonHelp
146963,This is what it says. Other packages that were said to be delivered by other companies were in fact there :( [URL],We'd like to make sure this is escalated for you. Please send us your details at this link here: https://t.co/kdbVc0b0Hh,AmazonHelp
150311,"Dia 9, mas sempre chega antes pq vocês são demais ❤️",Mande foto dos livros quando eles chegarem😁💞,AmazonHelp
136215,Ok. I rechecked. It seems one item in my cart is from a pvt seller. So maybe that item's price is not considered for min value purchase,"It should be one of the reasons. If your cart has one of the seller fulfilled product, shipping charges may be applicable.",AmazonHelp
118844,No call received yet. Is this the promise you made to me amazon.,"You should have received an email correspondence, please respond to that and we would assist you accordingly.",AmazonHelp
105784,I hope so...,"Rest assured, we're right on it!",AmazonHelp
151914,"Numerous times. Automated responses by system, no response to complaints basically hiding their heads in the sand. Well know Issues/problems not being addressed & rules self evident on constantly being broken by the use of bots hacking into the system 👎🏻😡",Thanks for reaching out to us! We don't have access to your account via Twitter. We'd love to help anyway we can. Please reach out to us here via phone or chat: https://t.co/JzP7hlA23B,AmazonHelp
144750,also you do nothing!! Amazing support amazon 😓,Have you checked your spam and junk folders for an e-mail from our account specialist? Sometimes e-mails can accidentally be routed to those folders.,AmazonHelp
152114,Done hope my issues will be sorted now.,Thank you for confirming. We'll work on it and get in touch with you at the earliest.,AmazonHelp
117596,"Sorry only just got this message, anyway I have a new problem. According to your website tracking I've been handed an Amazon parcel today. Funny that, because I haven't.... I sincerely hope my neighbour has it....",Please let us know if there is no sign of it and we will be happy to help.,AmazonHelp
152112,Hi - it's my Send to Kindle address I think,Reach us here: https://t.co/JzP7hlA23B so we can look into this for you.,AmazonHelp
138852,"Kartikeya: The Destroyer's Son should be in Myths, Legends and Sagas but you have it under Religion and Hinduism. Pls correct.",Thanks for flagging this. We'll have this checked with the relevant team.,AmazonHelp
123686,Arriving Tuesday.mean to say your routing process is not good .when FedEx can deliver you the returned product in few days why can't you?,estimated date. I've noted your comments and will be sure to forward this as a feedback internally.,AmazonHelp
115334,"In fact, he marked it delivered BEFORE he drove by my house. I got an email from DPD saying they delivered it ... um, nope.",Sorry to hear that! For further insight please also reach out to our colleagues from the customer service department: https://t.co/5RHhEVutwe,AmazonHelp
115521,It was supposed to be refunded to my gift card balance with 1-2 hours. But that doesn’t change the fact that I wanted the item I paid for and now it’s no longer and sale and sold out,I am so sorry for the trouble! Please let us know if the balance does not show on your account after the 2 hours have passed.,AmazonHelp
156335,Dankeschön💖Ich kenne beide noch nicht und freu nich deswegen umso mehr😍Uiuiui,Wir wünschen auf jeden Fall viel Spaß! :),AmazonHelp
120540,Shortly doesn't have any time frame? Such useless service of yours. #Amazonloosers,"Further, I've noted your comments and will be sure to forward this as a feedback internally.",AmazonHelp
114124,The first one was UPS and the second was/is with AMZL,"Thank you for the information. When you have the time, please send us your details here so we may look into this: https://t.co/4LsXWFCRqK",AmazonHelp
119839,I have sent. But no call back received.,Have you shared your details through the secured link provided in the previous response?,AmazonHelp
117122,Form where there is only download option not hindi download or english,Please try to uninstall and reinstall the app to see if that resolves the issue. You can then select the audio option as Hindi and try playing the video.,AmazonHelp
143547,Seriously faced a very hectic experience by purchasing Lonovo K8 note mobile phone through Amazon. 1/5,Apologies for the ordeal. Please share your details here: https://t.co/GIJyeYqKE0 and I'll get back to you.,AmazonHelp
114131,"I can now confirm that not only is an order promised beyond the SLA for prime members, but the original delivery date has been MISSED. If we are not going to get Prime for December, perhaps we can get prime extended when Amazon is actually ready to meet the prime value prop?",We can't access account information via social media. Please reach out to us here: https://t.co/hApLpMlfHN o we can look into the account.,AmazonHelp
139196,Se esta instalando.,"¡Qué emoción! Cuéntanos qué te pareció, una vez lo instales. :D https://t.co/mp0qyMp8AU",AmazonHelp
145170,There is some damage to the box. The toy inside seems OK. I am hoping the box dries out and doesn't look too bad.,If you need to return the item or would like to look into available options you can do so here: https://t.co/EYJoaJl5zD,AmazonHelp
143267,"Ja, hab aber mein Guthaben dennoch aufladen könne",Nachdem du die oben genannte Meldung zu deiner Zahlungsart erhalten hast?,AmazonHelp
150144,Yes. But not out for delivery it was marked as dispatch really early YESTERDAY!!,What is the estimated delivery date that was given to you now? Did you get any emails advising of a possible delay?,AmazonHelp
127596,received no mail from you. Last mail claimed that CB has been processed. Where is the txn ID & date for the same!,I understand your concern regarding the cashback. Kindly reply to the email you've received from our team.,AmazonHelp
137324,It's almost one month and still you are saying it will take 5 days ..pathetic service..,Please fill this form: https://t.co/beaaDm0muc and we'll contact you at the earliest.,AmazonHelp
121238,First give a concrete resolution then give u advice on what to post. Like i said pl DM so we can chat n sort this out,please reach us via the link provided earlier and we'll reach out to you soon.,AmazonHelp
126628,It's obviously a coding /design fault,We'd like to take a closer look at this with you. Please reach us via phone/chat here: https://t.co/JzP7hlA23B,AmazonHelp
103524,"Es ist so, der Artikel ist gerade 44,95€ günstiger als sonst. ;)",Vielleicht kann als vorübergehende Lösung jemand für dich bestellen?,AmazonHelp
151772,I will wait. Maybe the one that was shipped today by DeutschePost will arrive on Tuesday. Also the shipment is not trackable :(,I keep my fingers crossed :),AmazonHelp
124749,"received my package, opened it and it was missing some parts. I already went through the app to have another one sent and to return this one","Thanks for letting us know! If any additional assistance is needed, we're here of you.",AmazonHelp
139039,"It is the same color, style, and shoe sold by Amazon but through 3 reps now, no one will let me exchange it.",If the item you wish to return doesn't have the exchange option you'll need to return the original and place a new order.,AmazonHelp
136243,"They r singing the same song, order cancelled money wil be refunded..wht abt my time money? this is ur system error",Apologies for the trouble with the order. A canceled order cannot be reinstated. Kindly place a new order.,AmazonHelp
126542,Risque de divulguer la nature d'un cadeau 😂,"Ah d'accord 🎉🎁, cadeau d'anniversaire, j'imagine!!",AmazonHelp
100644,I got d mail.but the r asking for mobile bill electricirty bill..but i have none of these.tranefr my money in bank,"I understand your concern. However, as you've received an email from our specialist team. I'd request you to 1/2",AmazonHelp
105348,Ok ill will want a full refund and what about supervisor named Kenny A. Calling me a lier and refused to transfer me is that ok with Amazon?,Please fill out the survey sent to you after you contacted in. It will be sent to their direct leadership for review.,AmazonHelp
116172,I already talked to a representative.,What did the associate advise when you spoke with them?,AmazonHelp
102608,"Das werde ich....War heute schon kurz davor....Hatte den skill ""ehefrau"" installiert. ..Da gab es aber kein Kaffee sondern nur rumgemaule und Anweisungen für mich....Ist schon sehr real unsere ALEXA.....lg....schaut mal hier... [URL]","Oh je, Frauen und Shoppen ;) Wenn du sie weit genug auf Distanz hältst, gerät sie nicht versehentlich in Shopping-Wut.",AmazonHelp
108426,Now it states “original estimate oct 8” and no other update? 🤷🏻‍♂️,Have you had the chance to reach out to us through the link previously given? We'd like to have the chance to discuss options.,AmazonHelp
147043,mando sim!! vou organizá-los quando chegarem e tiro uma foto para vcs verem! :),"Combinado, então! ✨",AmazonHelp
149867,Haben Sie lieber ein Telefon Nummer? Ich rede gerne mit Leute. Ihrem online Kunden Service ist nicht am besten,"Du kannst über den Link einen Rückruf anfordern. Dieser erfolgt binen kürzester Zeit. Du hast genauer gesagt, die Wahl zwichen Chat, Email und Telefon! LG",AmazonHelp
116671,Yes I have contacted amazon about it is there an actual technical number to call instead because I think it’s deeper than just sending another device out to replace it,"When you spoke with the Kindle support team on the phone, did they indicate this was a known issue?",AmazonHelp
147033,"Thanks for the reply! I have a Kindle E-Reader, 6"" Glare-Free Touchscreen Display, Wi-Fi","Hey Aoife, you should be able to restore your library from the archives, or you can re-download your titles from the ""Manage Your Content and Devices"" section of our site: https://t.co/Mg7pmCTqcg.",AmazonHelp
155924,"Greetings, its [URL]","Hi Amar, did you order it from Amazon directly, or a marketplace seller?",AmazonHelp
126800,since amzl could NOT fulfil the delivery I had to cancel the order and will just pick up a computer at Best Buy. Very very disappointed,"I am so sorry about the issues with this carrier, Corey! I hope you will give us another chance in the future to make it up to you! We're always looking for ways to improve so please share your feedback and your concerns here: https://t.co/5GtHBQzEZS",AmazonHelp
114402,Ok I logged in but cannot see the number,Here it is again Bart...see if this helps https://t.co/JzP7hlA23B,AmazonHelp
101414,No but I remember going through&cancelling as I done it weeks prior to being charged! I don’t have access to my previous amazon email...(1),"When you cancel your Prime subscription, an email is sent to confirm, it may be the case you did not successfully cancel the membership. You can see all correspondence via the message center on your Amazon account using this link https://t.co/MBY7OGCvpQ.",AmazonHelp
128263,Refund the differential amount . Your price changes very constantly . That's not the customer issue .,"I get you're upset with the change in price. However, as mentioned above, we don't have an option of price match.",AmazonHelp
151446,Have a friend who ordered the same day and he had no issues? Just disappointing as I could literally go buy it right now or use [URL],Was a reason given for a delay?,AmazonHelp
122573,no puedo ni ir yo mismo a recojerlo que dicen que el paquete no les ha llegado aun en central y el sabado no trabajan,¿Ya recibiste el email de confirmación de envío? ¿que fecha de entrega tiene?,AmazonHelp
103085,Yes I am....,"Without giving any personal account info, can you tell us more about the issue?",AmazonHelp
128836,No han contestado todavia 🙁,"Hola ¿podrían ayudarnos con esta entrega? Gracias. Zei, en caso de que no recibas respuesta, avisanos.",AmazonHelp
121544,7 day after the order and after 3 days #AmazonIN can't trace where is my order ? #delivery #Nonsense #spoiledDiwali,"In case, you didn't receive an email, please write to us from here: https://t.co/cQVomR1pWz. [2/2]",AmazonHelp
105567,It doesn’t give the carrier detail. I’m in the UK...,I'm sorry this was left on the doorstep. We'd like to address your feedback with the carrier: https://t.co/01HZPopyb6,AmazonHelp
130597,Can you explain why it wasn’t delivered though? It says “location is closed”?,"Unfortunately, I do not have access to your tracking info or account info via Twitter. However, I'd still like to try to help. Can you tell me who the carrier was for this item?",AmazonHelp
131336,"Je cherche encore. La livraison n'indiquait également que ""1 jour ouvré"". [URL]","Je vous comprends, mais pour cet article spécifiquement la livraison en 1 jour ouvré n'est malheureusement pas possible.",AmazonHelp
140560,"Not yet. Going to do so soon, however.",Let us know how it goes! We are always here to help!,AmazonHelp
128536,"hi, they advised to send it and after amazon receive it, Im to contact again to get postage refunded fully. sent via parcelforce as cheapest","Ok, thanks.",AmazonHelp
128828,"It doesn't state a specific carrier. It says ""A carrier"" retrieved the packages from the facility.",At this point it would be best for us to assist you in real-time. Please reach out to us here: https://t.co/hApLpMlfHN,AmazonHelp
132614,"Just says $3.99 for amazon digital services, but nothing was purchased on my account",Have you checked your recent order history to check no order was placed recently matching this amount?,AmazonHelp
133034,Already called your abysmal customer services. No help whatsoever. Cancelled my order and cancelling my prime tomorrow,I hope you'll give us another chance to help you in the future if you ever need it.,AmazonHelp
110430,Why sir u waste my time and u r costumer not satisfy me with my problam so why i am not share anyone,I'm afraid we can't access your account from Twitter. Please request a call back from here: https://t.co/vlvfJr4nN9.,AmazonHelp
128331,"How about sharing a rough timeline, since there have been no actual updates in the past 48 hours?",Our team will get back to you within 6 to 12 hours from the time you have shared the details. Please wait.,AmazonHelp
142525,hi i have not gotten a reply? any suggestions.,When were you able to contact KDP and what contact method did you use?,AmazonHelp
127403,You morons are not doing anything and giving excuse. Let me know to whom I should file a case of mental harassment.,"Apologies for the ordeal. As mentioned earlier, we're working on this for you. We'll be sure to reach out to you soon.",AmazonHelp
104948,"Order number. Name. And status. Was promised three times that beta code would be with me prior to beta launch, which was 9 am today.",Have you checked your Spam and Junk folders as well? Did we set up a follow up regarding this matter?,AmazonHelp
128053,"Great, now it says I have to wait til 10-26. What a shit delivery service. What shit service in general . Not my 1st issue with it.",I understand your frustration. Please use the link provided by AJ and we'll gladly review this. We're here for you!,AmazonHelp
149105,It is pictured in the first image. The second image is current tracking.,"Oh dear! I am sorry that the delivery date on your order was changed. Please reach out to us if your package does not arrive by the date shown on your order, here: https://t.co/Y5jpI9gRhE",AmazonHelp
132229,Yeah... Sure,Do keep us posted in case of any concerns and we'll be glad to assist.,AmazonHelp
139956,I asked for my troubleshooter to check WiFi connection and everytime it came back am able to access sites so why having trouble with yours,"I'm sorry for the trouble! To force a reload, hold down the ""Shift"" key and click the ""Refresh"" button in your browser.",AmazonHelp
155466,Its still showing not shipped.do you think ill be able to get by Wednesday evening? [URL],"I completely understand your concern! However, it's not unusual for an order to ship close to, or even on, the delivery date. Keep us posted on its arrival!",AmazonHelp
116357,Todos enviados pela Amazon.,Entendi. Nesse caso recomendo dar uma olhada nas seguintes informações: https://t.co/QGj1WlyTaa.,AmazonHelp
142211,Je veux pas en rajouter. Mais c'est tjr pas expédié 😭,"Vous devriez recevoir le colis d'ici le 13, en cas de souci n'hésitez pas à le signaler à notre SAV via https://t.co/hgIrz98cdI",AmazonHelp
134799,"Yes, its bc their name is spelled with two v’s!",Please use the following link to send us feedback on this issue: https://t.co/S0xRDP35mt,AmazonHelp
118979,One should have arrived yesterday. My issue is that when choosing to buy a product it says it’ll arrive the next day. Only once purchased does it highlight that there will be a delay in it arriving. This should be said outright and you are misleading consumers.,During the checkout process you will get a delivery date displayed. That would be the most current information we have and a reliable indicator as to when you can expect your order. Unfortunately delays beyond our control can occur after this info is provided.,AmazonHelp
153579,Carrier: AMZL US? Says they left it on the back porch (not possible). So either wrong delivery address or someone lied to say they made the delivery in time.,"We'd like to escalate this to our Logistics team for further review/action. When you have a moment, please relay order specifics to us via the following secure link, and we'll be in touch: https://t.co/rYtKT9hWkQ",AmazonHelp
150426,Já consegui resolver aqui olhando no PC. Como eu comprei no app do Kindle ele entregou só no app do Kindle. Enviei pro dispositivo padrão (meu kindle) e foi. Era só isso..,"Ótimo, Cris 😊 Tomara que curta muito da leitura!",AmazonHelp
127395,How many times I have to do the same,"If you have shared your details with us, you can check for our update on the issue here: https://t.co/DTSNmGldJf.",AmazonHelp
152253,Don’t you understand the meaning of URGENT... or u r an uneducated person... I posted thrice to call me still u r suggesting me smthng else,"Please click the link mentioned earlier, Select phone, enter your number, desired language & click to call. We'll call.",AmazonHelp
122802,Thank you. I have asked for updating it through customers Id. Btw the email i sent on id given to me by call centre __email__ is bounced as incorrect email. Kindly guide with right email id.,"As requested by us, kindly share your details using the secure link shared above. We'll work on it once you fill the same.",AmazonHelp
139651,I meant what hours can I call that number? Is that 24 hours a day?,"Hey. Yes, you can reach us 24 hours a day on the above number. Please keep us posted.",AmazonHelp
141537,my email id is __email__ I have talked to cs a lot of times Call me at my number,Apologies for the ordeal Rohit. Please share your details here: https://t.co/GIJyeYqKE0 and I'll get back to you.,AmazonHelp
141705,So what happens if it doesnt?,"If the delivery date is missed, we can be reached 24/7 via phone here: https://t.co/hApLpMlfHN. We will be able to take a c loser look at the order and into available options.",AmazonHelp
121374,it says shipped with AMZL,We'd like to take a better look into this for you. Please provide detailed info w/ us here: https://t.co/XLRZDwA5G6,AmazonHelp
117124,"Yeah you’re right, sorry. I had “leave my parcel in an insecure shared space if I’m not at home” checked. 😑 I don’t see why this matters? My concierge is closed on Sunday; if I’m not in, come back tomorrow, surely?",I'm sorry for the poor experience! We want to be sure you are receiving your parcels as expected. Please reach out to us directly here so that we can take a look into this for you: https://t.co/JzP7hlA23B We'd like to help!,AmazonHelp
151801,"Oh, there you go. I am just being redirected to a 7th support representative :)",Please keep us updated on the outcome! Let us know if you need further assistance. We're here to help!,AmazonHelp
100462,2 days and zero outcome,"Just to confirm, have you reported this to our support team as requested earlier? If not kindly let them know about it.",AmazonHelp
124508,this is what it's said I have no idea what DO is I have no neighbours with these initials no calling card left [URL],Oh no! We'd like to take a closer look into this with you. Please reach out to us here: https://t.co/JzP7hlA23B,AmazonHelp
133652,I am keen to know how you will rectify this situation seeing as 3 hrs of my morning was wasted & there is no reason why it wasnt delivered..,"Hi Holly, in the event a delivery issue occurs the carrier would reschedule for the next working day. Please keep us posted.",AmazonHelp
150735,"Nope, they are not delivering whole order... why order it to be delivered if they say I have to go to the post office and pick it up? There is a between my house and post office quicker to go there if I have to go out and get it","I'm sorry for the trouble with your order, Joe! We don't have access to your account details via Twitter but please give us a call or chat to look into this together here: https://t.co/hApLpMlfHN",AmazonHelp
117851,So the device is also India specific? Parents have a India Prime account. The device won't work with India account?,"The device is geo-location specific. Hence, you will not be able to access the features of the device here. For further assistance, please connect with us here: https://t.co/00q4Sqj9zL",AmazonHelp
144963,And I have received the gift card into my account finally. Thanks for the prompt action. Appreciate that! 🤩,You're welcome! We are happy that your issue has been resolved. It was pleasure assisting you. :),AmazonHelp
143889,"Pero es que me dice que Safari no puede encontrar el servidor, qué hago? Por qué no aparece nada en mis pedidos y me estoy poniendo nervioso",También puedes solicitar asistencia vía telefónica a través de este enlace: https://t.co/Lh8U4pbBEU,AmazonHelp
156382,"2 orders placed and Amazon logistics keep saying tried to delivery 3 times, but i know this has not been done. Now my items are been returned ! Never had a service like this before. 😡","Oh no! I understand how disappointing that is. When you spoke with us, what information/options were you provided?",AmazonHelp
152043,Why so much delay??,Cash back is provided by pertinent banks connected with the offer. Time taken to process is subject to their guidelines.,AmazonHelp
145447,"Unfortunately, the address isn't in the same city.","I’m sorry then we would not be able to update your delivery address. Instead, you may cancel the order and place a new order at the desired address.",AmazonHelp
115296,That’s for getting back! I’m using an iPhone 7+ Here’s the message that pops up every time I try to log in (not just for the ‘cancelled orders’ page specifically) [URL],"Thanks for providing this info, Jon. Have you tried deleting the app and re-installing it? Many times that will fix this type of issue. Please give it a try and let us know if you continue to have this issue.",AmazonHelp
110477,I already have DELIVERED a revert to your email. Do You see the pun here ? I am sure you don’t. Or you do and don’t care,"Thank you for the heads up, Ankeet. We'll get back to you once we receive the revert. Appreciate your understanding.",AmazonHelp
102980,Well I guess you guys are professional in bluffing. I am done with Amazon. I am not going to use it now. #OnePlus5T #AmazonPrime And I think I am done with as well. [URL],"Apologies for the trouble with the delivery, we never intend to disappoint you. We'd like to sort this for you; please share your details here: https://t.co/GIJyeYqKE0. As soon as we receive them, we'll check and reach out to you with an update.",AmazonHelp
123230,"Ya i have already checked ,but this response is not reducing my tension ,i am not satisfied by it.i want faster action.",I understand your concern. Kindly revert to our correspondence. We'll look into it right away.,AmazonHelp
121025,Filled the form waiting for action and the solution as well.,"Thanks for keeping us posted, Dev. We'll reach out to you soon.",AmazonHelp
138655,U can see screenshot of hanged mobile [URL],"Also, don’t provide phone number details as its personal information. Our Twitter page is visible to public. 2/2",AmazonHelp
130638,"Just sent me an email to change my password. Same as previous two times. I needed help as to why it was happening, none was given. The operator was fine btw, she was just being advised from someone else, and being advised badly.",We'd like to take a look at this for you. Please leave us your details here: https://t.co/C79RZlsJRm,AmazonHelp
110646,"If I haven't ordered, it isn't #personal. There's #fraud that you want me to hide. Have done my #job of informing you",support team from the link provided earlier and we'll look into it.,AmazonHelp
108880,"Yes, everything is the same. I've had loads of thing delivered on weekend since I joined prime with no problem until about a month ago",It would depend on the item itself & where it is coming from (fulfillment center) whether weekend delivery was an option.,AmazonHelp
149116,"was supposed to be delivered on Saturday, haven’t received package yet! last two weeks has been horrible, please switch to reliable carrier.","I'm very sorry to hear this, can I ask have you been updated via email as to why this order is delayed please? You may have an email in your spam/junk folder. Thanks.",AmazonHelp
127092,Much appreciate ur quick response. U guys r awesome. I will subscribe the middle east prime,Keep us posted for any further concerns.,AmazonHelp
156222,"I think it’s too late to have any effect today, but thanks anyway. I might as well let the delivery fail (if it does) and then contact them about it.","Okay, please let us know if you need any further assistance with this issue, Dave.",AmazonHelp
